round,seed,exploit,coop,exploit_,defect
1,16,11732,29597,17191,19480
2,16,12069,30483,16816,18632
3,16,12608,29019,16442,19931
4,16,12353,29489,16601,19557
5,16,13028,27982,16708,20282
6,16,12904,28357,16564,20175
7,16,12953,28011,16748,20288
8,16,12549,26699,17248,21504
9,16,12448,28396,16914,20242
10,16,12744,29878,16536,18842
11,16,13521,28598,16078,19803
12,16,13507,30077,15690,18726
13,16,13547,27842,15853,20758
14,16,13502,27955,15767,20776
15,16,13474,26514,15998,22014
16,16,13750,26102,16162,21986
17,16,13430,28516,16062,19992
18,16,13291,28247,16422,20040
19,16,13274,28431,16143,20152
20,16,13372,28447,16254,19927
21,16,14013,27140,15742,21105
22,16,14981,25113,14913,22993
23,16,14964,23527,15596,23913
24,16,14723,24902,15469,22906
25,16,14726,24616,15275,23383
26,16,15135,23223,15014,24628
27,16,14977,23119,15139,24765
28,16,15270,21909,15096,25725
29,16,14428,23509,15806,24257
30,16,14517,23398,15740,24345
31,16,14795,24231,15791,23183
32,16,15121,24302,16008,22569
33,16,15244,24167,15997,22592
34,16,14103,25890,16462,21545
35,16,14028,28116,16335,19521
36,16,14301,26223,16205,21271
37,16,14268,26028,15786,21918
38,16,14713,27001,15224,21062
39,16,14822,26968,15244,20966
40,16,14616,27544,15483,20357
41,16,14523,27830,15726,19921
42,16,14577,25707,15842,21874
43,16,14892,25086,15291,22731
44,16,14875,25143,15258,22724
45,16,14649,24615,14958,23778
46,16,13920,22330,15742,26008
47,16,13810,22241,15829,26120
48,16,13474,23847,16037,24642
49,16,13465,24010,15891,24634
50,16,13604,23730,15969,24697
51,16,13944,23012,15441,25603
52,16,13645,22062,15696,26597
53,16,13639,21984,15745,26632
54,16,14383,20047,14661,28909
55,16,14321,20180,14503,28996
56,16,14398,19923,14638,29041
57,16,14274,21348,14905,27473
58,16,13938,23181,14922,25959
59,16,13842,22207,15063,26888
60,16,14035,21729,15196,27040
61,16,14006,21864,15109,27021
62,16,13959,22523,14949,26569
63,16,13670,20917,15160,28253
64,16,13285,22306,15437,26972
65,16,13451,21774,15582,27193
66,16,13588,21737,15556,27119
67,16,13317,21378,15493,27812
68,16,13280,22069,15225,27426
69,16,12540,24177,16595,24688
70,16,12347,23322,16415,25916
71,16,12804,21841,16354,27001
72,16,12650,22816,16186,26348
73,16,12223,24197,16685,24895
74,16,12199,24084,16805,24912
75,16,12353,22674,16377,26596
76,16,12250,20891,17008,27851
77,16,12132,20833,16797,28238
78,16,12151,22747,16561,26541
79,16,12789,21323,15966,27922
80,16,12668,21467,16245,27620
81,16,12851,21111,15874,28164
82,16,12830,20611,15687,28872
83,16,13630,21713,15363,27294
84,16,13670,22894,15414,26022
85,16,13683,24323,15408,24586
86,16,14008,25604,15205,23183
87,16,14234,25820,15209,22737
88,16,13344,24592,15647,24417
89,16,13702,22985,15259,26054
90,16,13818,23224,15569,25389
91,16,13609,22376,15843,26172
92,16,13981,23670,15201,25148
93,16,13134,25513,16185,23168
94,16,13329,23752,16270,24649
95,16,13020,24269,16534,24177
96,16,13082,24336,16606,23976
97,16,13892,26273,15772,22063
98,16,14072,26835,15559,21534
99,16,14236,26521,15770,21473
100,16,13113,28898,16547,19442
101,16,12279,30735,17079,17907
102,16,12250,30819,17146,17785
103,16,12956,29310,17155,18579
104,16,12975,29648,17103,18274
105,16,12926,30587,17263,17224
106,16,12800,30805,17573,16822
107,16,12455,32985,17462,15098
108,16,12417,33091,17452,15040
109,16,11373,35228,17856,13543
110,16,11302,35456,17829,13413
111,16,11260,35668,17728,13344
112,16,11333,33359,18544,14764
113,16,12659,31020,18027,16294
114,16,12347,29491,18783,17379
115,16,12541,27747,19145,18567
116,16,12705,29096,18471,17728
117,16,12641,29202,18266,17891
118,16,11699,31221,18893,16187
119,16,11159,33503,18849,14489
120,16,11421,35791,17753,13035
121,16,11630,35741,17814,12815
122,16,11290,36131,18112,12467
123,16,11142,35894,18127,12837
124,16,11307,35648,18153,12892
125,16,11294,35728,18194,12784
126,16,11108,36056,18031,12805
127,16,11540,36648,17814,11998
128,16,11178,35717,18315,12790
129,16,11290,35779,18319,12612
130,16,11293,35669,18289,12749
131,16,11143,35783,18362,12712
132,16,10848,34144,19457,13551
133,16,11307,34703,19089,12901
134,16,11042,34136,19380,13442
135,16,10883,36096,18644,12377
136,16,11405,38068,17492,11035
137,16,11112,37664,17579,11645
138,16,11134,37825,17387,11654
139,16,11351,36838,17399,12412
140,16,11287,36984,17197,12532
141,16,11380,37009,17546,12065
142,16,12020,35291,17091,13598
143,16,11775,35347,17125,13753
144,16,11815,33409,18271,14505
145,16,12009,33047,17661,15283
146,16,12437,34741,16574,14248
147,16,12612,34523,16726,14139
148,16,12653,34117,16460,14770
149,16,12611,34327,16828,14234
150,16,13443,33142,16491,14924
151,16,12519,35251,16807,13423
152,16,12329,34971,16896,13804
153,16,12379,34944,16821,13856
154,16,12738,34095,16493,14674
155,16,12717,34653,16317,14313
156,16,12841,34641,16285,14233
157,16,12437,32794,17316,15453
158,16,12492,32644,17333,15531
159,16,12730,33399,17075,14796
160,16,12631,32848,17048,15473
161,16,11686,34288,17437,14589
162,16,12005,33682,17225,15088
163,16,12334,35628,16218,13820
164,16,12928,34489,15946,14637
165,16,11991,36695,16301,13013
166,16,12440,38653,15308,11599
167,16,12849,38398,14978,11775
168,16,12685,38940,15063,11312
169,16,12696,39069,14969,11266
170,16,12360,38530,15394,11716
171,16,12399,39070,15275,11256
172,16,12432,38936,15416,11216
173,16,12285,39357,15195,11163
174,16,12169,39571,15323,10937
175,16,12192,39662,15323,10823
176,16,12234,40084,15249,10433
177,16,12173,37590,16360,11877
178,16,12162,37487,16403,11948
179,16,12143,38125,16205,11527
180,16,12389,37961,16428,11222
181,16,12285,39895,15480,10340
182,16,11155,41748,15711,9386
183,16,12042,39646,15544,10768
184,16,12135,39594,15468,10803
185,16,12101,39649,15593,10657
186,16,11864,40082,15537,10517
187,16,12129,37732,16300,11839
188,16,12054,37730,16336,11880
189,16,11909,37063,16511,12517
190,16,11970,36943,16627,12460
191,16,11464,34821,17651,14064
192,16,11510,34995,17825,13670
193,16,11204,32850,18525,15421
194,16,10788,34225,18483,14504
195,16,10742,34368,18488,14402
196,16,10114,32411,19530,15945
197,16,10462,31629,19056,16853
198,16,10355,31764,19021,16860
199,16,10670,32123,19036,16171
200,16,10479,32428,18792,16301
201,16,11712,29943,18458,17887
202,16,11656,30438,18613,17293
203,16,11428,28174,19186,19212
204,16,11273,28800,18843,19084
205,16,11887,26392,18636,21085
206,16,11622,25547,18959,21872
207,16,11638,23504,18635,24223
208,16,11654,23191,18037,25118
209,16,11612,22930,18208,25250
210,16,11924,24330,17872,23874
211,16,11806,26111,17710,22373
212,16,11887,25551,17118,23444
213,16,12123,25136,17364,23377
214,16,11895,25080,17441,23584
215,16,11909,24936,17372,23783
216,16,11942,24401,17454,24203
217,16,11609,25156,17723,23512
218,16,11411,25039,17681,23869
219,16,11126,25800,18012,23062
220,16,11128,24106,18695,24071
221,16,11215,24724,18810,23251
222,16,11300,25159,18610,22931
223,16,11901,26471,17925,21703
224,16,11486,28162,17816,20536
225,16,11693,29619,17346,19342
226,16,11742,29690,17262,19306
227,16,11952,30149,17482,18417
228,16,12070,31034,17189,17707
229,16,12212,30810,17240,17738
230,16,11948,31038,17133,17881
231,16,11548,33342,17022,16088
232,16,12600,30576,16854,17970
233,16,13644,28552,16066,19738
234,16,13311,28387,16129,20173
235,16,13396,27713,15846,21045
236,16,13564,26399,15800,22237
237,16,13289,27385,16134,21192
238,16,13243,28055,15922,20780
239,16,13621,29247,15493,19639
240,16,13445,29433,15229,19893
241,16,14248,31772,14423,17557
242,16,14407,31451,14629,17513
243,16,14338,30523,14476,18663
244,16,14124,31122,14775,17979
245,16,13482,33305,15264,15949
246,16,14531,30977,14550,17942
247,16,14431,31210,14254,18105
248,16,14454,29347,14895,19304
249,16,13876,27640,15494,20990
250,16,14538,25446,15060,22956
251,16,14229,25007,15006,23758
252,16,14169,25214,15152,23465
253,16,15197,23042,14023,25738
254,16,14934,22428,13661,26977
255,16,15074,22967,14296,25663
256,16,14952,23132,14102,25814
257,16,15168,21676,14412,26744
258,16,14528,23853,15285,24334
259,16,14292,21970,15611,26127
260,16,14298,23235,15729,24738
261,16,14402,22502,15331,25765
262,16,14402,22092,15398,26108
263,16,14302,20615,15534,27549
264,16,13621,19963,15493,28923
265,16,13784,20261,15624,28331
266,16,13860,21637,15446,27057
267,16,14086,21743,15428,26743
268,16,14315,23289,15247,25149
269,16,13959,23982,15159,24900
270,16,14123,24581,15824,23472
271,16,13669,23607,16031,24693
272,16,13550,25188,16038,23224
273,16,12950,23224,17071,24755
274,16,13072,22976,17085,24867
275,16,12970,23499,16907,24624
276,16,13064,22954,16706,25276
277,16,13174,22561,16564,25701
278,16,12412,24153,17227,24208
279,16,12402,24479,17419,23700
280,16,12301,24031,17185,24483
281,16,12370,24003,17427,24200
282,16,11664,22290,17482,26564
283,16,12957,23984,16612,24447
284,16,12910,24155,16671,24264
285,16,12964,24184,16485,24367
286,16,12471,23480,16876,25173
287,16,12668,22506,16936,25890
288,16,12933,22852,16742,25473
289,16,13156,21227,16782,26835
290,16,12632,20468,17314,27586
291,16,12779,20304,17349,27568
292,16,13905,22184,16324,25587
293,16,13904,21966,16460,25670
294,16,14338,22443,16059,25160
295,16,13951,21976,16392,25681
296,16,13865,21911,16527,25697
297,16,13750,22289,16241,25720
298,16,14433,22655,16395,24517
299,16,14637,21212,16255,25896
300,16,14802,19797,16184,27217
301,16,14882,20022,16551,26545
302,16,14937,21829,16457,24777
303,16,15020,21793,16638,24549
304,16,15801,23333,15552,23314
305,16,15746,23131,15714,23409
306,16,15722,23306,15511,23461
307,16,15599,23328,15670,23403
308,16,15757,23643,15625,22975
309,16,15137,23370,15786,23707
310,16,15194,23204,15914,23688
311,16,15439,22880,15407,24274
312,16,14708,24560,15636,23096
313,16,15051,26530,15085,21334
314,16,15432,26311,15171,21086
315,16,15623,26160,15199,21018
316,16,15481,26239,15259,21021
317,16,15366,26407,15289,20938
318,16,15579,28448,14665,19308
319,16,15821,28378,14656,19145
320,16,15556,26130,15098,21216
321,16,14756,24968,15899,22377
322,16,16024,26464,14854,20658
323,16,16055,28721,14788,18436
324,16,15486,30269,14649,17596
325,16,15533,29989,14584,17894
326,16,15463,30213,14428,17896
327,16,15418,30561,14678,17343
328,16,15219,30951,14554,17276
329,16,15212,32128,14468,16192
330,16,14984,32120,14445,16451
331,16,15123,32277,14745,15855
332,16,15522,31669,14206,16603
333,16,15307,30001,14347,18345
334,16,15260,29853,14335,18552
335,16,14611,31305,14745,17339
336,16,14698,33116,14354,15832
337,16,13926,35863,14239,13972
338,16,13988,37539,13876,12597
339,16,13750,37811,13578,12861
340,16,13295,35994,14777,13934
341,16,13147,36102,15023,13728
342,16,13476,37641,14304,12579
343,16,14100,35264,14136,14500
344,16,14230,34951,14093,14726
345,16,15278,32656,13465,16601
346,16,15957,34788,12624,14631
347,16,15906,34726,12155,15213
348,16,16400,33650,12096,15854
349,16,16371,33463,12260,15906
350,16,15833,35457,12464,14246
351,16,16031,34592,12442,14935
352,16,15761,35246,12074,14919
353,16,15903,35143,12247,14707
354,16,16081,32652,12447,16820
355,16,15863,33569,12487,16081
356,16,16141,33785,12391,15683
357,16,16086,33856,12295,15763
358,16,15771,33988,12309,15932
359,16,16602,32100,12269,17029
360,16,16530,31532,12256,17682
361,16,16071,33361,12249,16319
362,16,15789,31455,12625,18131
363,16,16082,29499,12986,19433
364,16,16167,29664,12870,19299
365,16,15489,27605,13386,21520
366,16,15593,27293,13504,21610
367,16,15537,27474,13547,21442
368,16,15177,29171,13690,19962
369,16,15214,28935,13750,20101
370,16,14966,27264,14139,21631
371,16,13745,25244,15074,23937
372,16,13908,25188,15336,23568
373,16,13977,25064,15107,23852
374,16,13105,23144,15839,25912
375,16,12624,24262,16483,24631
376,16,12636,24264,16370,24730
377,16,12887,23334,15969,25810
378,16,12805,25347,16314,23534
379,16,12833,25288,16300,23579
380,16,13066,25071,16277,23586
381,16,13006,25107,16500,23387
382,16,12695,25782,16187,23336
383,16,13070,23947,16116,24867
384,16,13029,23899,16247,24825
385,16,12027,26372,16924,22677
386,16,12257,26076,17088,22579
387,16,12266,25563,17365,22806
388,16,12164,27373,17171,21292
389,16,12284,25978,17120,22618
390,16,12181,25935,17121,22763
391,16,12358,25488,16598,23556
392,16,13173,24255,16372,24200
393,16,12764,22530,16021,26685
394,16,13321,23909,15745,25025
395,16,12903,22365,15963,26769
396,16,13033,23847,15983,25137
397,16,12796,23587,15961,25656
398,16,13233,25132,15575,24060
399,16,13074,26707,15804,22415
400,16,12977,26785,15663,22575
401,16,13064,26617,15796,22523
402,16,13547,28550,15187,20716
403,16,13800,28034,15232,20934
404,16,13708,28099,15001,21192
405,16,13653,28147,14897,21303
406,16,14161,26088,14988,22763
407,16,13918,26363,15064,22655
408,16,13986,26208,14905,22901
409,16,14831,28438,13943,20788
410,16,15073,29062,13749,20116
411,16,15207,27154,13733,21906
412,16,15302,27191,13831,21676
413,16,15222,27594,13848,21336
414,16,15127,27383,13975,21515
415,16,15214,27546,13917,21323
416,16,15187,27628,13824,21361
417,16,15131,27473,13951,21445
418,16,15324,28038,13741,20897
419,16,14846,29918,13781,19455
420,16,15152,29902,14156,18790
421,16,14797,28028,14476,20699
422,16,14933,26531,14328,22208
423,16,13902,28440,15297,20361
424,16,13851,27775,15518,20856
425,16,14812,26055,14806,22327
426,16,15127,27851,14045,20977
427,16,14794,28816,14123,20267
428,16,15566,26394,14158,21882
429,16,15070,25057,14909,22964
430,16,14769,26891,14402,21938
431,16,15119,26709,14504,21668
432,16,14274,28353,15122,20251
433,16,14310,28401,15099,20190
434,16,14134,28522,15074,20270
435,16,13838,26131,15725,22306
436,16,13718,26335,15607,22340
437,16,13503,24594,15919,23984
438,16,13350,24883,16096,23671
439,16,13210,26197,16476,22117
440,16,13187,27712,15942,21159
441,16,13287,29520,15633,19560
442,16,12978,31454,15544,18024
443,16,12798,32285,15710,17207
444,16,12520,30390,16648,18442
445,16,12265,32487,16535,16713
446,16,12230,30893,16951,17926
447,16,12462,30194,16779,18565
448,16,11953,28531,17358,20158
449,16,11971,28789,17510,19730
450,16,12294,29041,17533,19132
451,16,12037,29271,17368,19324
452,16,12207,29238,17417,19138
453,16,11082,27319,18461,21138
454,16,11361,26578,18108,21953
455,16,11232,24848,18667,23253
456,16,11230,26642,18626,21502
457,16,10951,24965,18961,23123
458,16,10274,26967,19091,21668
459,16,10455,26258,18997,22290
460,16,10524,26304,19082,22090
461,16,10482,26393,19294,21831
462,16,10609,28024,18573,20794
463,16,10790,29641,17951,19618
464,16,11190,29458,18143,19209
465,16,11883,26907,17516,21694
466,16,10937,25434,18259,23370
467,16,11072,25825,18180,22923
468,16,11623,26324,17760,22293
469,16,12185,28260,16827,20728
470,16,12209,28183,16874,20734
471,16,12160,28197,16834,20809
472,16,12108,28357,17480,20055
473,16,12662,27358,16731,21249
474,16,12992,28563,16273,20172
475,16,12808,28952,16518,19722
476,16,13030,29305,16397,19268
477,16,13785,31517,15529,17169
478,16,14233,32074,15258,16435
479,16,14367,32640,14961,16032
480,16,14771,30478,15350,17401
481,16,14929,31163,15434,16474
482,16,14991,30677,15281,17051
483,16,14896,30568,15238,17298
484,16,14524,31924,15042,16510
485,16,14622,31673,14845,16860
486,16,15512,29496,14083,18909
487,16,15653,29568,14186,18593
488,16,15412,28980,14414,19194
489,16,15176,28763,14615,19446
490,16,14358,30579,14604,18459
491,16,14331,30221,14758,18690
492,16,14648,29899,14806,18647
493,16,14365,30780,14571,18284
494,16,15246,32337,13790,16627
495,16,15318,31895,13389,17398
496,16,15353,32382,13363,16902
497,16,15307,32472,13444,16777
498,16,15123,32055,13472,17350
499,16,15364,31996,13585,17055
500,16,15478,32618,13246,16658
501,16,15601,32632,13402,16365
502,16,15938,31809,13045,17208
503,16,15833,32052,12949,17166
504,16,15988,30082,13123,18807
505,16,15995,30093,13110,18802
506,16,15020,28038,14318,20624
507,16,15097,28578,14761,19564
508,16,14558,27773,14687,20982
509,16,14626,28044,14749,20581
510,16,14790,28912,14753,19545
511,16,14627,30293,14457,18623
512,16,14440,32357,14520,16683
513,16,14729,34109,13657,15505
514,16,14750,33774,13509,15967
515,16,14493,34434,13680,15393
516,16,14726,33268,13643,16363
517,16,14537,35504,13517,14442
518,16,13860,34089,14273,15778
519,16,13860,34306,14711,15123
520,16,14229,32313,14837,16621
521,16,14302,32245,14755,16698
522,16,13894,33422,14642,16042
523,16,14219,32444,14889,16448
524,16,14068,32470,14760,16702
525,16,14234,29924,15144,18698
526,16,14605,32150,14193,17052
527,16,14666,31187,14551,17596
528,16,14452,31674,14439,17435
529,16,14441,31353,14407,17799
530,16,14415,31349,14474,17762
531,16,14505,31151,14245,18099
532,16,14601,31262,14193,17944
533,16,14444,31368,14268,17920
534,16,13863,32871,14812,16454
535,16,13520,33018,14506,16956
536,16,13819,32608,14687,16886
537,16,14158,30669,14977,18196
538,16,13794,32605,14712,16889
539,16,14398,30631,14487,18484
540,16,14627,30868,14373,18132
541,16,14661,32483,14021,16835
542,16,14591,31553,14149,17707
543,16,14521,29334,14355,19790
544,16,14306,29632,14653,19409
545,16,13919,31484,14722,17875
546,16,13789,30904,15017,18290
547,16,13844,30923,14940,18293
548,16,13719,31136,15016,18129
549,16,13850,30647,14657,18846
550,16,14153,31505,14359,17983
551,16,14131,29853,14461,19555
552,16,14400,29511,14790,19299
553,16,14320,30311,14818,18551
554,16,14188,29044,15262,19506
555,16,14311,30554,14889,18246
556,16,13982,31294,15133,17591
557,16,14219,30617,15132,18032
558,16,13930,32454,14724,16892
559,16,14112,33838,14420,15630
560,16,14015,35421,14343,14221
561,16,13594,36495,14276,13635
562,16,14232,34651,14286,14831
563,16,13764,35794,14512,13930
564,16,13854,35691,14538,13917
565,16,13043,37879,14762,12316
566,16,12709,40053,14191,11047
567,16,12924,39746,14322,11008
568,16,13092,37741,14821,12346
569,16,12685,36345,15330,13640
570,16,12873,34267,15984,14876
571,16,12944,34162,16042,14852
572,16,12775,34494,16469,14262
573,16,12380,36909,15867,12844
574,16,12404,36771,15833,12992
575,16,12221,39145,15382,11252
576,16,12157,39318,15281,11244
577,16,12400,38976,15447,11177
578,16,12557,40454,14753,10236
579,16,12249,41362,14562,9827
580,16,12567,39217,15188,11028
581,16,13546,36965,14900,12589
582,16,13378,39179,14054,11389
583,16,14488,37237,13808,12467
584,16,13938,34997,15230,13835
585,16,14210,35414,15261,13115
586,16,14096,37286,14265,12353
587,16,13803,37213,14279,12705
588,16,13868,37083,14339,12710
589,16,13940,36689,14273,13098
590,16,13838,36868,14256,13038
591,16,12933,38887,14815,11365
592,16,13473,41404,13263,9860
593,16,13466,40955,13605,9974
594,16,13431,40279,13441,10849
595,16,13940,37824,13665,12571
596,16,13928,37507,13785,12780
597,16,13868,37151,13894,13087
598,16,13954,37049,13864,13133
599,16,13669,37573,13874,12884
600,16,13835,37884,13769,12512
601,16,12802,39777,14303,11118
602,16,13051,39445,14198,11306
603,16,13599,37659,13963,12779
604,16,13687,38019,13777,12517
605,16,13684,38072,13923,12321
606,16,12736,39959,14306,10999
607,16,12722,39939,14187,11152
608,16,12820,39649,14251,11280
609,16,12733,39646,14389,11232
610,16,12682,40065,14177,11076
611,16,12159,41934,14133,9774
612,16,12528,39756,14691,11025
613,16,13597,37439,14339,12625
614,16,13557,37483,14352,12608
615,16,13492,37919,14140,12449
616,16,13727,37916,14010,12347
617,16,13610,37681,14085,12624
618,16,13596,37648,13997,12759
619,16,13553,37516,13964,12967
620,16,13637,37761,13858,12744
621,16,13902,37406,13826,12866
622,16,13690,36738,14084,13488
623,16,13466,37291,14119,13124
624,16,13465,36535,14263,13737
625,16,13642,36769,14351,13238
626,16,13609,36464,14379,13548
627,16,13793,37146,14109,12952
628,16,13309,37682,14210,12799
629,16,12979,39160,14397,11464
630,16,12933,39489,14134,11444
631,16,12945,39571,14018,11466
632,16,12993,39484,14217,11306
633,16,12771,40002,14212,11015
634,16,13554,38185,13992,12269
635,16,13528,38406,14043,12023
636,16,13549,35810,14798,13843
637,16,14059,34226,14998,14717
638,16,14030,34607,14840,14523
639,16,14208,33943,14748,15101
640,16,13784,31870,15512,16834
641,16,15132,29835,14997,18036
642,16,15149,31667,14463,16721
643,16,14874,29702,15464,17960
644,16,14680,29766,15351,18203
645,16,15121,28298,15303,19278
646,16,15005,29723,15172,18100
647,16,14925,29847,15000,18228
648,16,14512,27625,15845,20018
649,16,14380,28016,15691,19913
650,16,13852,29386,16018,18744
651,16,13751,30934,15740,17575
652,16,13434,30241,15858,18467
653,16,13406,30021,15966,18607
654,16,13381,30201,15995,18423
655,16,13487,30067,15883,18563
656,16,13493,30223,15734,18550
657,16,13468,30190,15902,18440
658,16,14404,27967,14910,20719
659,16,14573,27917,14906,20604
660,16,14522,28019,15041,20418
661,16,14488,27708,15191,20613
662,16,14385,27515,15008,21092
663,16,14334,27037,15162,21467
664,16,14343,27026,15142,21489
665,16,14361,25185,15568,22886
666,16,14724,27196,14591,21489
667,16,14706,27109,14569,21616
668,16,14791,27452,14803,20954
669,16,14738,28776,14500,19986
670,16,14877,28857,14674,19592
671,16,14904,29663,14170,19263
672,16,14875,27274,14556,21295
673,16,14851,25831,14902,22416
674,16,15047,26580,14731,21642
675,16,14525,24480,15080,23915
676,16,14604,25056,15395,22945
677,16,14712,23924,15014,24350
678,16,14830,23050,14588,25532
679,16,15024,24217,14379,24380
680,16,14950,24236,14488,24326
681,16,14950,24828,14387,23835
682,16,14299,26658,14707,22336
683,16,13505,24340,15610,24545
684,16,13267,22645,15511,26577
685,16,13545,22257,15648,26550
686,16,13747,23234,15626,25393
687,16,13612,23089,15792,25507
688,16,13625,23530,15921,24924
689,16,14151,23769,15710,24370
690,16,13751,23115,15916,25218
691,16,13802,22883,16072,25243
692,16,13696,22523,15677,26104
693,16,13816,20850,15931,27403
694,16,13915,21196,16329,26560
695,16,14437,23061,15727,24775
696,16,14052,21385,15962,26601
697,16,13777,19497,16653,28073
698,16,13593,19931,16500,27976
699,16,13392,19649,16441,28518
700,16,13654,17509,15845,30992
701,16,13494,17843,15786,30877
702,16,13655,17029,15200,32116
703,16,13768,17046,15100,32086
704,16,13919,16331,14694,33056
705,16,13846,16355,14629,33170
706,16,13900,16858,15161,32081
707,16,14103,16147,14952,32798
708,16,14616,14277,13759,35348
709,16,14466,14253,13766,35515
710,16,14817,14455,13579,35149
711,16,15047,13730,13314,35909
712,16,15137,13231,13172,36460
713,16,15283,14553,13505,34659
714,16,15392,14408,13329,34871
715,16,14075,13114,13645,37166
716,16,14250,13896,13822,36032
717,16,14626,14709,13656,35009
718,16,14684,13064,12444,37808
719,16,14095,12574,12340,38991
720,16,14354,13813,12408,37425
721,16,14446,14641,13043,35870
722,16,14324,14861,13117,35698
723,16,14835,16141,13196,33828
724,16,14561,17170,13517,32752
725,16,14720,16680,12953,33647
726,16,14575,17444,13292,32689
727,16,15142,15915,12718,34225
728,16,14713,17649,13007,32631
729,16,14630,17533,13140,32697
730,16,14993,16598,13037,33372
731,16,14862,16906,12874,33358
732,16,14428,15491,12910,35171
733,16,14542,15639,13003,34816
734,16,14446,15536,12920,35098
735,16,14445,15887,12983,34685
736,16,14451,15688,12915,34946
737,16,14464,15696,13132,34708
738,16,14451,15884,12920,34745
739,16,14843,16975,12930,33252
740,16,14693,17171,12839,33297
741,16,14975,15522,12665,34838
742,16,15723,17558,12407,32312
743,16,16309,18352,12178,31161
744,16,16143,19324,12538,29995
745,16,15895,20364,12610,29131
746,16,15770,20562,12569,29099
747,16,15794,20663,12392,29151
748,16,15850,20748,12440,28962
749,16,16008,21416,12993,27583
750,16,15807,21552,12822,27819
751,16,16320,20072,12292,29316
752,16,16344,20050,12211,29395
753,16,15788,19109,12537,30566
754,16,15980,18849,12617,30554
755,16,15894,18638,12348,31120
756,16,16090,18080,12694,31136
757,16,16028,18638,12485,30849
758,16,15957,18269,12556,31218
759,16,15598,17007,12626,32769
760,16,15378,16755,12662,33205
761,16,15956,17310,12440,32294
762,16,15113,16617,12880,33390
763,16,14733,15948,12963,34356
764,16,14552,16024,12983,34441
765,16,14186,17810,14018,31986
766,16,14000,19649,14536,29815
767,16,14190,17769,14375,31666
768,16,14022,18305,14091,31582
769,16,14015,18993,14713,30279
770,16,13736,17681,14637,31946
771,16,13602,18141,14501,31756
772,16,13279,16315,14679,33727
773,16,12846,15990,14514,34650
774,16,12771,16460,15127,33642
775,16,13114,17910,15655,31321
776,16,13160,17210,15028,32602
777,16,13258,16263,14765,33714
778,16,12465,17869,15832,31834
779,16,12378,19125,16453,30044
780,16,12472,19954,16792,28782
781,16,12380,19746,16819,29055
782,16,12614,20276,16999,28111
783,16,12043,21827,17738,26392
784,16,13042,19936,16583,28439
785,16,13009,19996,16620,28375
786,16,13125,21306,16125,27444
787,16,13302,22050,16493,26155
788,16,13386,22067,16421,26126
789,16,13231,21651,16193,26925
790,16,12860,20838,16445,27857
791,16,12782,19915,16096,29207
792,16,12721,19802,16087,29390
793,16,12898,19962,16056,29084
794,16,13013,21298,15808,27881
795,16,12930,21517,15884,27669
796,16,13671,22372,15472,26485
797,16,13973,21415,14930,27682
798,16,13938,21055,15050,27957
799,16,13991,21613,15078,27318
800,16,13988,20977,14998,28037
801,16,13712,21999,15238,27051
802,16,14568,24265,14628,24539
803,16,14202,25555,14360,23883
804,16,14283,25941,14574,23202
805,16,13860,27372,15121,21647
806,16,13817,27459,15134,21590
807,16,14486,30055,14200,19259
808,16,14286,30764,14501,18449
809,16,14248,30881,14229,18642
810,16,14328,30310,14355,19007
811,16,14377,30135,14566,18922
812,16,14025,31213,14883,17879
813,16,14635,29198,14361,19806
814,16,14184,27639,14912,21265
815,16,14545,29769,14542,19144
816,16,14564,29854,14516,19066
817,16,14457,29059,14439,20045
818,16,14727,28499,14567,20207
819,16,14571,28218,14338,20873
820,16,14254,29129,14657,19960
821,16,14474,27359,14859,21308
822,16,14315,27890,14726,21069
823,16,13991,26680,15052,22277
824,16,13618,28647,15295,20440
825,16,13582,29484,15718,19216
826,16,14053,30343,15375,18229
827,16,14042,30759,15355,17844
828,16,14683,32587,14405,16325
829,16,14670,32915,14375,16040
830,16,14820,34769,13286,15125
831,16,15135,35097,13204,14564
832,16,15068,37436,12738,12758
833,16,15151,37466,12695,12688
834,16,15157,38428,12481,11934
835,16,15226,38344,12477,11953
836,16,15193,38313,12485,12009
837,16,15454,38756,12265,11525
838,16,15451,38503,12475,11571
839,16,15415,39051,12388,11146
840,16,16302,37364,12309,12025
841,16,15866,36101,13184,12849
842,16,15766,36309,13791,12134
843,16,16045,35684,13440,12831
844,16,16123,35617,13352,12908
845,16,15722,35279,13589,13410
846,16,15822,34770,13543,13865
847,16,16377,33015,13610,14998
848,16,16444,33002,13792,14762
849,16,17678,30811,12944,16567
850,16,17875,29605,13137,17383
851,16,18524,27482,12669,19325
852,16,18718,27155,12757,19370
853,16,18779,27871,13045,18305
854,16,18838,27555,12989,18618
855,16,18152,29767,13331,16750
856,16,18043,29773,13473,16711
857,16,17084,31416,13408,16092
858,16,17137,33363,13171,14329
859,16,17000,35447,12112,13441
860,16,17141,35841,12309,12709
861,16,17245,35959,12262,12534
862,16,17401,36032,12140,12427
863,16,17077,35646,12333,12944
864,16,17048,35371,12398,13183
865,16,17049,35393,12411,13147
866,16,15768,37410,12918,11904
867,16,16716,35734,12669,12881
868,16,16477,33872,13911,13740
869,16,16343,33756,13810,14091
870,16,16042,32828,14023,15107
871,16,15807,33075,14039,15079
872,16,17086,31183,13363,16368
873,16,17800,33567,12074,14559
874,16,17774,33507,12069,14650
875,16,18789,31238,11964,16009
876,16,18550,31328,11916,16206
877,16,18633,31374,11975,16018
878,16,18647,31113,11883,16357
879,16,18259,33542,11757,14442
880,16,17943,32937,11803,15317
881,16,17814,32908,11800,15478
882,16,16680,35171,12497,13652
883,16,16740,35321,12577,13362
884,16,16815,35259,12778,13148
885,16,16674,35308,12708,13310
886,16,16312,32854,13835,14999
887,16,16374,32560,13518,15548
888,16,16256,32628,13542,15574
889,16,16656,34837,12434,14073
890,16,16693,34959,12403,13945
891,16,16654,35070,12703,13573
892,16,16625,35325,12683,13367
893,16,16662,35166,12699,13473
894,16,15589,37483,13003,11925
895,16,15013,35654,13826,13507
896,16,15269,35066,14247,13418
897,16,15476,35682,14258,12584
898,16,15434,35592,14063,12911
899,16,15613,35508,13936,12943
900,16,15478,35112,13976,13434
901,16,15424,34684,14140,13752
902,16,15159,32769,14572,15500
903,16,14538,34872,14832,13758
904,16,14511,34588,14665,14236
905,16,15287,32370,14656,15687
906,16,15106,30789,15332,16773
907,16,15051,30887,15349,16713
908,16,15597,32650,14234,15519
909,16,15509,31322,14862,16307
910,16,15621,31381,14870,16128
911,16,15324,33319,14762,14595
912,16,15392,33546,14621,14441
913,16,14775,32572,15193,15460
914,16,15203,34734,14128,13935
915,16,15252,34592,14366,13790
916,16,15083,35021,14157,13739
917,16,14718,32655,15094,15533
918,16,14868,32591,15133,15408
919,16,14178,30549,16164,17109
920,16,14755,30535,15891,16819
921,16,14995,30248,15111,17646
922,16,15663,28074,14861,19402
923,16,14716,30104,15467,17713
924,16,14810,29912,15533,17745
925,16,14786,30053,15618,17543
926,16,15381,28683,15563,18373
927,16,16032,26506,15282,20180
928,16,15857,26620,15329,20194
929,16,15750,26651,15384,20215
930,16,16606,25440,14973,20981
931,16,15788,24665,15539,22008
932,16,15706,23742,15350,23202
933,16,15222,25238,15191,22349
934,16,14726,24522,15320,23432
935,16,14649,26241,15520,21590
936,16,14765,25296,15556,22383
937,16,15304,23894,15750,23052
938,16,15211,24173,15764,22852
939,16,15398,23701,15212,23689
940,16,15017,25263,15419,22301
941,16,15579,23547,14582,24292
942,16,15861,21605,14948,25586
943,16,14482,19672,15866,27980
944,16,13773,17969,16165,30093
945,16,13753,18167,16295,29785
946,16,13825,18029,16045,30101
947,16,14488,16664,15369,31479
948,16,13806,18397,16621,29176
949,16,13486,19486,16451,28577
950,16,13715,19509,16514,28262
951,16,14045,18338,16380,29237
952,16,13987,18439,16350,29224
953,16,13782,18825,16839,28554
954,16,13893,18727,16956,28424
955,16,13736,19295,17845,27124
956,16,13574,19610,17590,27226
957,16,13530,19667,17820,26983
958,16,13773,20210,18273,25744
959,16,13639,20214,18235,25912
960,16,14214,19328,18071,26387
961,16,15411,19442,18002,25145
962,16,15539,20752,17413,24296
963,16,15313,20713,17348,24626
964,16,16156,21268,17190,23386
965,16,15008,23300,18440,21252
966,16,15079,21866,18890,22165
967,16,15049,21941,18928,22082
968,16,14140,19854,20061,23945
969,16,13819,20065,20089,24027
970,16,14075,20127,20075,23723
971,16,13966,20099,20041,23894
972,16,13902,20195,20085,23818
973,16,14706,20649,19774,22871
974,16,15092,20587,19974,22347
975,16,14725,19286,20911,23078
976,16,14557,18246,21662,23535
977,16,14551,18173,21538,23738
978,16,14633,18128,21610,23629
979,16,15324,16694,21546,24436
980,16,14052,18230,23162,22556
981,16,13530,16925,23028,24517
982,16,13585,16687,23341,24387
983,16,12931,18350,24124,22595
984,16,12889,18380,24067,22664
985,16,12877,18393,23882,22848
986,16,12509,17116,24940,23435
987,16,10976,15601,26226,25197
988,16,10955,15601,26162,25282
989,16,10897,15744,26116,25243
990,16,10920,15586,26280,25214
991,16,11008,15573,26101,25318
992,16,11176,14261,25607,26956
993,16,11387,15215,24501,26897
994,16,10597,13926,24689,28788
995,16,10719,13815,24768,28698
996,16,10596,13976,24781,28647
997,16,10790,13769,24772,28669
998,16,11928,12467,22897,30708
999,16,11905,12407,22931,30757
1000,16,11968,12496,22952,30584
