round,seed,defect,exploit_,exploit,coop
1,898,19386,12233,16993,29388
2,898,19373,12157,17111,29359
3,898,19963,12551,16837,28649
4,898,18066,12193,16871,30870
5,898,17864,12032,16823,31281
6,898,17015,11484,17259,32242
7,898,18971,12492,16828,29709
8,898,20184,12198,17297,28321
9,898,20114,12079,17568,28239
10,898,21186,12024,17818,26972
11,898,19134,12213,17265,29388
12,898,19230,12284,17304,29182
13,898,19066,12354,17265,29315
14,898,19365,12374,17290,28971
15,898,20078,12926,17245,27751
16,898,19585,13140,17192,28083
17,898,18070,13436,16728,29766
18,898,17678,13579,16479,30264
19,898,17521,13592,16541,30346
20,898,17368,13829,16262,30541
21,898,15579,12707,16807,32907
22,898,14375,13116,16017,34492
23,898,14369,13246,16013,34372
24,898,12782,12765,15486,36967
25,898,11999,12847,15695,37459
26,898,12075,12681,15677,37567
27,898,10918,12785,14502,39795
28,898,11406,12775,14633,39186
29,898,10760,12856,14853,39531
30,898,11977,12527,15848,37648
31,898,12501,12564,16021,36914
32,898,12989,12549,15852,36610
33,898,12752,12459,15739,37050
34,898,12227,12972,15446,37355
35,898,11199,13070,14353,39378
36,898,10749,13089,14280,39882
37,898,11075,13243,14295,39387
38,898,10892,13176,14418,39514
39,898,10956,13207,14349,39488
40,898,10073,12298,14742,40887
41,898,8680,11226,14642,43452
42,898,8659,11214,14626,43501
43,898,8497,11227,14712,43564
44,898,8109,11044,14507,44340
45,898,8081,11044,14615,44260
46,898,7719,11065,14581,44635
47,898,6440,11489,12826,47245
48,898,6837,11433,13121,46609
49,898,6473,11131,13078,47318
50,898,6606,11046,12989,47359
51,898,6276,10944,13174,47606
52,898,5948,11208,13193,47651
53,898,6551,10923,13216,47310
54,898,6080,11100,12950,47870
55,898,6300,11277,13069,47354
56,898,6414,11089,12948,47549
57,898,6090,10898,13059,47953
58,898,5185,10201,12714,49900
59,898,4986,10215,12769,50030
60,898,5067,9995,12708,50230
61,898,5120,10159,12735,49986
62,898,5116,10091,12847,49946
63,898,5840,11541,12391,48228
64,898,5629,11332,12466,48573
65,898,6100,11326,12620,47954
66,898,5496,11528,12439,48537
67,898,5749,11339,12363,48549
68,898,5907,11352,12479,48262
69,898,5284,11557,12235,48924
70,898,5262,11457,12304,48977
71,898,5282,11562,12323,48833
72,898,4476,10620,11674,51230
73,898,4951,10867,11783,50399
74,898,5177,11239,11485,50099
75,898,4955,11064,11649,50332
76,898,4934,11203,11645,50218
77,898,4960,10973,11602,50465
78,898,4571,11027,11372,51030
79,898,4537,10941,11278,51244
80,898,4579,11006,11393,51022
81,898,4769,11037,11601,50593
82,898,3608,11347,9458,53587
83,898,2632,9342,9836,56190
84,898,2424,9261,9658,56657
85,898,3274,11226,9490,54010
86,898,3337,11337,9281,54045
87,898,3343,11378,9153,54126
88,898,3144,11182,9080,54594
89,898,2751,11006,9046,55197
90,898,2580,11328,8913,55179
91,898,2876,11312,8929,54883
92,898,2813,11371,8880,54936
93,898,2588,11003,8848,55561
94,898,2608,11056,8851,55485
95,898,3373,11243,10996,52388
96,898,3349,10983,10705,52963
97,898,3409,11090,10735,52766
98,898,3608,11035,10622,52735
99,898,3706,11120,10751,52423
100,898,2806,11190,8872,55132
101,898,2660,11351,8931,55058
102,898,3520,12953,8963,52564
103,898,4560,13118,10358,49964
104,898,4713,13223,10352,49712
105,898,4746,13307,10325,49622
106,898,4372,13389,10276,49963
107,898,4424,13412,10189,49975
108,898,4414,13430,10111,50045
109,898,4382,13273,10184,50161
110,898,3419,11114,10688,52779
111,898,3398,11248,10555,52799
112,898,3489,11158,10636,52717
113,898,2650,10660,9156,55534
114,898,2477,10747,9197,55579
115,898,2505,10637,9189,55669
116,898,2325,10375,9296,56004
117,898,2539,10318,9407,55736
118,898,1731,8392,9489,58388
119,898,1847,8564,9406,58183
120,898,1988,8667,9452,57893
121,898,2815,10395,9759,55031
122,898,2567,10647,9544,55242
123,898,2779,10529,9506,55186
124,898,2925,10599,9361,55115
125,898,2914,10757,9524,54805
126,898,3186,11173,9471,54170
127,898,3217,11089,9522,54172
128,898,3188,11060,9316,54436
129,898,3191,11042,9488,54279
130,898,3162,11129,9358,54351
131,898,3244,11229,9235,54292
132,898,3667,11658,9463,53212
133,898,2565,10721,8384,56330
134,898,2372,10922,8083,56623
135,898,2309,11099,8171,56421
136,898,2320,10853,7977,56850
137,898,2302,10693,8032,56973
138,898,2391,10934,8225,56450
139,898,2395,10786,8131,56688
140,898,2308,10996,8350,56346
141,898,2600,10953,8580,55867
142,898,2478,10885,8439,56198
143,898,2591,11018,8826,55565
144,898,2630,10914,8646,55810
145,898,2624,10864,8577,55935
146,898,2411,10609,8350,56630
147,898,2372,10579,8266,56783
148,898,2208,10653,8441,56698
149,898,2649,10562,8723,56066
150,898,1623,8658,8681,59038
151,898,1556,8906,8855,58683
152,898,1952,8984,9049,58015
153,898,2055,9303,9212,57430
154,898,3266,9478,10616,54640
155,898,3303,9593,10889,54215
156,898,4746,10878,11154,51222
157,898,4698,10841,10924,51537
158,898,6001,11734,11290,48975
159,898,5841,11943,11400,48816
160,898,5685,11572,11622,49121
161,898,5310,11466,11433,49791
162,898,5918,11949,11457,48676
163,898,5898,11956,11194,48952
164,898,6105,12081,11077,48737
165,898,7488,13829,11029,45654
166,898,7696,13666,10877,45761
167,898,7173,13846,10678,46303
168,898,7634,13912,10663,45791
169,898,7154,13839,10880,46127
170,898,7633,14069,10857,45441
171,898,7186,13755,10920,46139
172,898,6725,13358,11070,46847
173,898,6702,13516,11023,46759
174,898,7558,14225,11356,44861
175,898,6984,14072,11291,45653
176,898,7789,14089,12606,43516
177,898,7632,14049,12620,43699
178,898,7781,14165,12530,43524
179,898,7725,14032,12487,43756
180,898,8683,14215,13659,41443
181,898,8601,14057,13489,41853
182,898,8690,14144,13482,41684
183,898,8696,14290,13552,41462
184,898,9370,14168,13349,41113
185,898,9756,13841,13946,40457
186,898,10603,15182,13667,38548
187,898,11031,15245,13403,38321
188,898,11389,15477,13114,38020
189,898,12123,14762,13505,37610
190,898,12688,14948,13388,36976
191,898,12078,15389,13117,37416
192,898,13640,15136,14048,35176
193,898,14445,14717,14227,34611
194,898,15347,15019,13729,33905
195,898,15623,15420,13862,33095
196,898,16141,15488,13605,32766
197,898,15950,15368,13687,32995
198,898,17961,15053,14518,30468
199,898,17053,15235,14554,31158
200,898,15778,15530,13578,33114
201,898,16296,15547,13441,32716
202,898,15781,15604,13454,33161
203,898,15985,15535,13523,32957
204,898,16073,15359,13568,33000
205,898,16420,15382,13607,32591
206,898,17216,14873,13957,31954
207,898,16794,15043,13980,32183
208,898,17380,15054,13894,31672
209,898,18262,15838,13586,30314
210,898,18866,16096,13340,29698
211,898,19422,15959,13283,29336
212,898,17175,14687,14294,31844
213,898,17763,14480,14470,31287
214,898,16206,14054,14190,33550
215,898,15548,14438,14083,33931
216,898,15566,14582,14020,33832
217,898,15406,14338,14004,34252
218,898,13980,13671,14360,35989
219,898,15878,14188,14059,33875
220,898,15937,14210,14075,33778
221,898,15048,14753,13735,34464
222,898,14815,14906,13872,34407
223,898,14491,14808,13871,34830
224,898,14965,14928,13578,34529
225,898,16124,15518,13384,32974
226,898,15750,15634,13425,33191
227,898,14667,14852,13766,34715
228,898,12898,14009,13837,37256
229,898,12981,14074,14051,36894
230,898,14730,15344,13130,34796
231,898,13634,15195,13528,35643
232,898,13468,15289,13258,35985
233,898,13946,15497,12934,35623
234,898,13139,15521,12443,36897
235,898,12265,15557,12467,37711
236,898,12244,15494,12429,37833
237,898,12063,15431,12389,38117
238,898,10702,14662,12266,40370
239,898,10227,14639,12481,40653
240,898,10990,14602,12267,40141
241,898,10554,14700,12437,40309
242,898,10141,14327,12234,41298
243,898,9342,14144,12514,42000
244,898,9401,14115,12506,41978
245,898,9135,14027,12576,42262
246,898,8880,14057,12559,42504
247,898,8155,14128,12460,43257
248,898,7811,14160,12603,43426
249,898,8280,14140,12421,43159
250,898,8226,13968,12452,43354
251,898,8629,13962,12606,42803
252,898,8571,13930,12666,42833
253,898,8908,13871,12808,42413
254,898,8573,13895,12735,42797
255,898,8570,13967,12717,42746
256,898,8585,13783,12763,42869
257,898,8721,13873,12794,42612
258,898,8806,13921,12653,42620
259,898,9004,14129,12672,42195
260,898,9898,14066,13630,40406
261,898,10051,14110,13457,40382
262,898,9767,13823,13740,40670
263,898,9975,14040,13701,40284
264,898,11450,14666,13799,38085
265,898,10595,14788,13038,39579
266,898,11321,14766,12981,38932
267,898,10295,14781,12063,40861
268,898,9826,15146,11823,41205
269,898,9317,14984,11806,41893
270,898,9126,14816,11764,42294
271,898,9196,14873,11728,42203
272,898,7879,15009,10490,44622
273,898,8105,15048,10645,44202
274,898,7974,15131,10318,44577
275,898,7802,15328,10337,44533
276,898,7938,15117,10324,44621
277,898,6847,14427,9961,46765
278,898,6381,14338,10122,47159
279,898,6117,14130,9940,47813
280,898,7387,15910,9527,45176
281,898,7742,15608,9594,45056
282,898,7929,15769,9829,44473
283,898,8118,15766,9955,44161
284,898,7942,15816,9588,44654
285,898,7740,15838,9823,44599
286,898,6896,15928,8883,46293
287,898,7163,15631,9220,45986
288,898,7294,15430,9183,46093
289,898,8053,16280,9489,44178
290,898,7395,14973,9451,46181
291,898,7189,15139,9711,45961
292,898,7477,14988,9925,45610
293,898,7725,15127,9975,45173
294,898,7054,14811,9697,46438
295,898,7359,14951,10052,45638
296,898,6284,13881,10114,47721
297,898,6247,13817,10150,47786
298,898,6496,13505,10230,47769
299,898,6821,14053,10283,46843
300,898,7125,13906,10520,46449
301,898,6849,13832,10346,46973
302,898,6393,13790,10136,47681
303,898,7965,14265,10905,44865
304,898,7997,14305,10982,44716
305,898,7722,13980,10735,45563
306,898,7962,14225,11040,44773
307,898,8925,14445,11250,43380
308,898,9558,14335,11687,42420
309,898,10605,14325,12478,40592
310,898,11680,15305,12441,38574
311,898,12855,15252,13190,36703
312,898,12358,15432,13375,36835
313,898,12048,15062,13147,37743
314,898,13686,15081,14028,35205
315,898,13902,14690,14342,35066
316,898,14216,14840,14561,34383
317,898,14119,14640,14347,34894
318,898,14083,14703,14469,34745
319,898,14963,14905,14257,33875
320,898,16806,15496,14042,31656
321,898,17604,15517,13953,30926
322,898,18807,14865,14788,29540
323,898,19782,15093,15384,27741
324,898,19859,15026,15404,27711
325,898,19933,14953,15299,27815
326,898,20546,14735,15512,27207
327,898,20698,14839,15263,27200
328,898,21064,14512,15565,26859
329,898,21152,14530,15438,26880
330,898,21120,14325,15478,27077
331,898,19376,14373,15373,28878
332,898,20529,14346,16022,27103
333,898,21564,14255,15586,26595
334,898,20696,14266,15912,27126
335,898,22620,14594,15637,25149
336,898,22423,14577,15744,25256
337,898,21611,14421,16192,25776
338,898,21718,14447,16285,25550
339,898,21487,14380,16209,25924
340,898,20402,14540,15950,27108
341,898,20502,14294,15809,27395
342,898,18701,13073,16937,29289
343,898,17823,13280,16933,29964
344,898,17834,13362,16961,29843
345,898,19006,14201,16549,28244
346,898,19834,14390,17020,26756
347,898,18747,15104,16612,27537
348,898,18694,15245,16527,27534
349,898,18786,15284,16563,27367
350,898,18799,15240,16353,27608
351,898,19209,14845,16608,27338
352,898,20915,15357,16437,25291
353,898,23148,15595,16106,23151
354,898,24976,14319,17241,21464
355,898,26290,14479,16579,20652
356,898,26066,14427,16643,20864
357,898,26617,14302,16476,20605
358,898,24974,13177,17490,22359
359,898,25831,12766,17964,21439
360,898,26652,12612,17565,21171
361,898,25513,13182,17263,22042
362,898,25433,13376,17370,21821
363,898,24596,13225,17079,23100
364,898,24020,13397,17194,23389
365,898,23566,13361,17306,23767
366,898,22413,12989,16987,25611
367,898,22321,13028,17122,25529
368,898,20407,13657,16625,27311
369,898,22029,12653,17729,25589
370,898,24040,12667,17795,23498
371,898,25422,12969,16947,22662
372,898,26320,12884,17230,21566
373,898,28372,13537,16330,19761
374,898,26831,13205,16623,21341
375,898,25561,13052,16728,22659
376,898,24853,12859,17117,23171
377,898,23910,12306,17234,24550
378,898,23771,12444,17433,24352
379,898,24031,12282,17217,24470
380,898,24568,12591,16886,23955
381,898,26966,13689,15745,21600
382,898,25685,13786,16079,22450
383,898,25675,13664,15844,22817
384,898,27681,13716,15999,20604
385,898,27069,14018,15823,21090
386,898,25839,14021,16008,22132
387,898,27132,13572,16989,20307
388,898,27104,13656,16880,20360
389,898,26004,13079,17044,21873
390,898,25027,13236,17472,22265
391,898,25483,13071,17426,22020
392,898,24829,12312,17661,23198
393,898,24080,12457,17887,23576
394,898,23942,12374,18005,23679
395,898,22568,12856,17300,25276
396,898,22714,12784,17243,25259
397,898,21406,12593,18117,25884
398,898,20635,12876,17952,26537
399,898,20644,12933,17899,26524
400,898,21208,12634,18931,25227
401,898,20190,12425,19315,26070
402,898,19530,12550,18753,27167
403,898,17629,12053,18867,29451
404,898,18278,11833,19120,28769
405,898,17763,12182,18735,29320
406,898,17464,12081,18874,29581
407,898,15711,13120,17480,31689
408,898,16744,12694,17474,31088
409,898,17201,12693,17256,30850
410,898,18830,14068,16599,28503
411,898,17797,14552,15433,30218
412,898,15877,13216,16468,32439
413,898,16128,13192,16335,32345
414,898,16407,13340,16312,31941
415,898,17318,13656,15739,31287
416,898,17411,13581,15895,31113
417,898,19248,13956,15611,29185
418,898,18702,13810,16074,29414
419,898,19734,14469,15903,27894
420,898,18320,13544,16394,29742
421,898,16981,13410,16072,31537
422,898,17463,13460,16095,30982
423,898,18640,12819,17034,29507
424,898,16564,13195,16422,31819
425,898,17576,13487,15897,31040
426,898,17690,13488,15999,30823
427,898,19352,14054,15772,28822
428,898,21081,14285,15469,27165
429,898,19756,13653,15804,28787
430,898,19568,13843,15981,28608
431,898,20156,13497,15844,28503
432,898,17972,13278,16357,30393
433,898,17979,13092,16259,30670
434,898,18051,13236,16176,30537
435,898,18552,13264,16019,30165
436,898,19992,14038,15215,28755
437,898,18978,13550,15637,29835
438,898,19623,13419,15647,29311
439,898,19709,13344,15801,29146
440,898,20421,13688,15304,28587
441,898,22311,13298,15960,26431
442,898,22993,13236,16205,25566
443,898,22834,12976,15765,26425
444,898,23399,13160,15511,25930
445,898,23580,13065,15602,25753
446,898,25011,12949,16126,23914
447,898,24959,12786,16123,24132
448,898,23316,13240,15790,25654
449,898,23433,13140,15544,25883
450,898,21848,13027,15804,27321
451,898,22512,12913,15657,26918
452,898,22773,13202,15845,26180
453,898,22985,13133,15853,26029
454,898,22780,13095,15736,26389
455,898,22667,13034,15523,26776
456,898,21090,13628,15163,28119
457,898,19836,14033,14569,29562
458,898,19568,14013,14884,29535
459,898,20398,14090,14741,28771
460,898,20947,14349,14661,28043
461,898,20980,14403,14675,27942
462,898,19305,14445,14993,29257
463,898,19599,14286,15009,29106
464,898,20172,14449,14679,28700
465,898,20139,14583,14877,28401
466,898,20624,14820,14800,27756
467,898,20809,14643,14711,27837
468,898,20512,14652,14861,27975
469,898,19647,14073,14677,29603
470,898,18669,14082,15098,30151
471,898,19707,13763,15316,29214
472,898,20815,13997,15046,28142
473,898,19552,14356,14947,29145
474,898,19327,14347,14758,29568
475,898,19142,14547,14536,29775
476,898,18888,14365,14499,30248
477,898,18282,14421,14785,30512
478,898,17594,14365,14845,31196
479,898,15826,14473,14042,33659
480,898,17762,14210,14206,31822
481,898,20176,14277,14355,29192
482,898,20043,14490,14548,28919
483,898,18404,14628,14243,30725
484,898,19967,14920,13898,29215
485,898,20928,15041,14029,28002
486,898,21782,15101,14283,26834
487,898,22732,14952,14113,26203
488,898,22755,15128,14230,25887
489,898,22984,14820,14050,26146
490,898,23253,14781,14006,25960
491,898,22924,14790,14265,26021
492,898,22363,15281,13556,26800
493,898,21765,15292,13651,27292
494,898,21714,15354,13603,27329
495,898,20045,14839,14182,28934
496,898,18840,15065,13983,30112
497,898,20449,15530,13585,28436
498,898,21754,15646,12986,27614
499,898,21112,16062,12958,27868
500,898,22192,15825,13095,26888
501,898,23004,16108,12937,25951
502,898,23974,16260,12411,25355
503,898,23997,16539,12471,24993
504,898,24253,16351,12488,24908
505,898,26242,16450,12318,22990
506,898,27317,15869,12565,22249
507,898,25795,15683,13112,23410
508,898,25796,15658,13292,23254
509,898,24559,15647,13088,24706
510,898,24444,15770,13090,24696
511,898,24569,15752,13095,24584
512,898,24378,15894,13403,24325
513,898,24060,16045,13271,24624
514,898,24980,15893,13129,23998
515,898,26096,16074,12864,22966
516,898,27982,16004,12595,21419
517,898,30378,14882,13417,19323
518,898,30245,15092,13448,19215
519,898,28955,14833,13954,20258
520,898,27761,14374,14148,21717
521,898,25600,14002,14682,23716
522,898,23216,14409,14409,25966
523,898,23261,14476,14560,25703
524,898,24307,14714,14260,24719
525,898,23202,14734,14243,25821
526,898,24786,15127,14057,24030
527,898,26322,14585,14449,22644
528,898,26159,14505,14235,23101
529,898,25410,14603,14339,23648
530,898,25091,14661,14590,23658
531,898,24052,14328,14473,25147
532,898,22825,14348,14399,26428
533,898,22460,14391,14628,26521
534,898,20645,14811,14143,28401
535,898,21398,14629,14206,27767
536,898,19214,15501,13324,29961
537,898,19184,15438,13172,30206
538,898,19129,15683,13512,29676
539,898,19571,15584,13363,29482
540,898,18509,15280,13266,30945
541,898,18938,15571,13330,30161
542,898,18713,15184,13246,30857
543,898,19324,15189,13554,29933
544,898,18519,15021,13751,30709
545,898,18396,14779,13682,31143
546,898,18835,14982,13955,30228
547,898,18731,14805,13755,30709
548,898,17746,15030,13442,31782
549,898,18334,15099,13237,31330
550,898,19352,15997,12966,29685
551,898,17808,15026,13526,31640
552,898,17736,15289,13635,31340
553,898,17769,15170,13668,31393
554,898,16494,14598,13715,33193
555,898,14905,14785,13544,34766
556,898,14716,14482,13391,35411
557,898,16662,14644,13906,32788
558,898,17958,15158,13455,31429
559,898,18347,15045,13666,30942
560,898,18460,14919,13545,31076
561,898,18786,14959,13954,30301
562,898,19994,15346,13632,29028
563,898,21645,14840,13780,27735
564,898,23418,15490,13456,25636
565,898,22648,15115,13781,26456
566,898,22545,15191,13699,26565
567,898,22274,15325,14006,26395
568,898,23433,15765,13708,25094
569,898,22111,15199,13805,26885
570,898,23442,15141,13991,25426
571,898,23628,15377,14034,24961
572,898,23642,15242,14316,24800
573,898,25506,15646,13611,23237
574,898,26671,16040,12823,22466
575,898,27760,15987,12679,21574
576,898,27122,16344,13018,21516
577,898,28170,16234,12583,21013
578,898,27419,16415,12898,21268
579,898,27182,16509,12583,21726
580,898,26038,16074,13736,22152
581,898,24160,15330,14323,24187
582,898,23725,15615,13997,24663
583,898,23317,15605,14360,24718
584,898,23159,15682,14349,24810
585,898,23862,15166,14583,24389
586,898,22022,15725,14032,26221
587,898,21793,15416,13921,26870
588,898,20470,14804,14470,28256
589,898,18627,15476,13540,30357
590,898,19400,15259,14294,29047
591,898,21591,14147,15408,26854
592,898,21555,14286,15342,26817
593,898,21332,14410,15441,26817
594,898,23167,13820,16127,24886
595,898,23474,13714,16123,24689
596,898,22039,13778,15775,26408
597,898,22958,13485,16290,25267
598,898,25141,12499,17322,23038
599,898,23425,12522,17389,24664
600,898,22334,12070,17647,25949
601,898,22381,11746,17487,26386
602,898,22421,11943,17427,26209
603,898,24497,12235,17183,24085
604,898,23088,12702,16254,25956
605,898,23329,12668,16372,25631
606,898,23699,12609,16306,25386
607,898,23568,12772,16422,25238
608,898,25245,12687,16473,23595
609,898,25307,12728,16510,23455
610,898,25262,12653,16349,23736
611,898,25927,12670,16454,22949
612,898,25754,12580,16485,23181
613,898,25069,12746,16468,23717
614,898,24169,12407,16704,24720
615,898,24769,12299,16621,24311
616,898,23991,12553,16687,24769
617,898,25270,12884,16035,23811
618,898,25219,12971,16113,23697
619,898,23100,13644,15563,25693
620,898,23273,13623,15477,25627
621,898,23027,13634,15630,25709
622,898,21830,13581,15360,27229
623,898,20148,14057,14894,28901
624,898,19915,14114,14787,29184
625,898,19624,13900,15052,29424
626,898,19173,14012,14861,29954
627,898,20219,13875,14992,28914
628,898,19976,13915,15101,29008
629,898,19795,13852,15044,29309
630,898,21616,13873,15338,27173
631,898,21188,14241,14948,27623
632,898,21437,14156,15208,27199
633,898,22050,13924,15073,26953
634,898,20487,13719,15038,28756
635,898,21088,13965,14929,28018
636,898,19222,14346,14368,30064
637,898,20780,14013,14973,28234
638,898,22470,14027,14924,26579
639,898,21151,13918,14810,28121
640,898,22583,14396,14492,26529
641,898,20651,14549,14508,28292
642,898,18682,14133,14879,30306
643,898,18489,14130,14684,30697
644,898,18362,14120,14587,30931
645,898,18557,14176,14838,30429
646,898,18598,14068,14710,30624
647,898,18166,14056,14663,31115
648,898,20275,14314,14748,28663
649,898,19532,14081,14967,29420
650,898,18202,13831,14829,31138
651,898,18239,13752,14738,31271
652,898,18243,13798,14955,31004
653,898,18285,13944,15045,30726
654,898,19321,13636,15358,29685
655,898,19317,13540,15259,29884
656,898,19376,13510,15408,29706
657,898,17615,12756,15749,31880
658,898,18684,12648,16259,30409
659,898,17262,12646,16154,31938
660,898,17459,12388,15977,32176
661,898,17206,12581,16068,32145
662,898,17448,12741,15824,31987
663,898,17508,12855,15814,31823
664,898,17996,12997,15562,31445
665,898,17846,13095,15844,31215
666,898,19492,13233,15579,29696
667,898,19616,13138,15485,29761
668,898,21658,14103,14901,27338
669,898,21538,14123,15108,27231
670,898,21829,14116,15066,26989
671,898,20425,14588,14374,28613
672,898,22492,15126,13735,26647
673,898,22827,15183,13709,26281
674,898,23056,14874,13545,26525
675,898,21831,14941,13867,27361
676,898,21187,14829,13932,28052
677,898,21275,14893,13894,27938
678,898,21215,14739,13870,28176
679,898,21206,14927,13922,27945
680,898,21683,14782,14001,27534
681,898,21770,14773,13940,27517
682,898,21397,14738,14024,27841
683,898,23144,15157,13409,26290
684,898,23182,15137,13514,26167
685,898,24824,14514,13911,24751
686,898,23469,14241,14532,25758
687,898,22833,14401,14386,26380
688,898,24327,14236,14715,24722
689,898,26104,14308,14318,23270
690,898,24394,13781,15048,24777
691,898,24628,13932,15030,24410
692,898,26147,13429,15502,22922
693,898,27758,13761,15047,21434
694,898,29113,14097,14642,20148
695,898,29215,14196,14635,19954
696,898,30786,14078,14670,18466
697,898,32226,13923,14444,17407
698,898,29808,14926,14084,19182
699,898,29626,15042,14325,19007
700,898,27785,14373,15022,20820
701,898,26189,13925,15545,22341
702,898,27940,13574,15542,20944
703,898,27828,13634,15558,20980
704,898,29120,14452,14974,19454
705,898,29276,14505,14902,19317
706,898,31638,12970,15769,17623
707,898,31541,13097,15728,17634
708,898,31348,13172,15835,17645
709,898,31495,13049,15638,17818
710,898,33764,12133,16261,15842
711,898,34756,12034,16320,14890
712,898,32182,13451,15506,16861
713,898,32444,13391,15474,16691
714,898,32744,13318,15275,16663
715,898,31489,13827,15111,17573
716,898,31541,13794,15156,17509
717,898,29246,14223,15069,19462
718,898,30042,14089,14867,19002
719,898,27485,14678,14686,21151
720,898,26088,14889,14851,22172
721,898,25807,14862,14704,22627
722,898,26697,14547,15150,21606
723,898,26284,14229,15339,22148
724,898,25676,14839,15367,22118
725,898,24102,15038,14992,23868
726,898,23432,15076,15128,24364
727,898,24667,15643,14939,22751
728,898,25596,15941,15127,21336
729,898,25863,15836,15017,21284
730,898,25683,15846,14950,21521
731,898,23900,15582,15273,23245
732,898,22971,15755,15738,23536
733,898,21557,16114,15140,25189
734,898,20882,16177,14501,26440
735,898,22710,16957,13660,24673
736,898,23389,16704,13586,24321
737,898,24153,16213,13865,23769
738,898,26315,16705,13256,21724
739,898,26268,16569,13094,22069
740,898,26241,16816,13203,21740
741,898,25144,16863,13356,22637
742,898,25193,16958,13320,22529
743,898,26334,16980,13565,21121
744,898,24995,16824,13417,22764
745,898,22822,16909,13567,24702
746,898,23233,16867,13441,24459
747,898,22988,16966,13359,24687
748,898,21108,16606,14008,26278
749,898,21468,16389,14425,25718
750,898,21119,16038,14310,26533
751,898,22427,15805,15025,24743
752,898,21848,15922,14313,25917
753,898,22027,16089,14126,25758
754,898,22107,16138,13999,25756
755,898,20180,16519,13488,27813
756,898,20701,16078,13927,27294
757,898,19547,16214,13178,29061
758,898,19454,16144,13197,29205
759,898,17476,15754,13311,31459
760,898,17685,15630,13189,31496
761,898,17488,15867,13482,31163
762,898,17722,15792,13292,31194
763,898,18332,15826,13278,30564
764,898,18314,15571,13157,30958
765,898,18794,15524,13052,30630
766,898,18457,15715,13420,30408
767,898,18279,15726,13186,30809
768,898,18324,15780,13376,30520
769,898,18351,15590,13312,30747
770,898,18158,15843,13633,30366
771,898,18791,15706,13465,30038
772,898,16858,14730,14260,32152
773,898,17440,14673,14149,31738
774,898,18965,15167,13761,30107
775,898,18399,15455,13777,30369
776,898,19611,15692,13869,28828
777,898,19771,15449,13693,29087
778,898,21252,14873,14750,27125
779,898,21903,15097,14300,26700
780,898,19749,14477,15076,28698
781,898,18665,14446,14600,30289
782,898,19985,13859,15422,28734
783,898,22157,14347,15213,26283
784,898,22227,14276,15088,26409
785,898,23522,14301,15412,24765
786,898,24523,15087,14838,23552
787,898,24649,14961,14905,23485
788,898,22607,14611,15419,25363
789,898,23124,14426,15175,25275
790,898,20925,15610,14259,27206
791,898,21629,15319,14194,26858
792,898,20422,15959,13669,27950
793,898,18598,15258,14111,30033
794,898,17049,15440,13364,32147
795,898,17990,15836,13058,31116
796,898,17476,15574,13140,31810
797,898,17365,15557,13167,31911
798,898,17182,15647,13036,32135
799,898,19068,14763,14220,29949
800,898,19279,14874,14231,29616
801,898,17824,14020,14833,31323
802,898,19458,14303,14813,29426
803,898,18373,14111,14547,30969
804,898,18736,13995,14652,30617
805,898,18459,14220,14406,30915
806,898,17796,14173,14647,31384
807,898,18810,14335,14634,30221
808,898,18595,14323,14591,30491
809,898,18625,14247,14309,30819
810,898,17218,14395,13907,32480
811,898,16685,14389,14199,32727
812,898,16348,14274,14013,33365
813,898,18336,14230,14469,30965
814,898,17871,14435,14485,31209
815,898,18106,14256,14661,30977
816,898,18012,14192,14268,31528
817,898,18249,14225,14451,31075
818,898,19956,13921,14870,29253
819,898,20850,14295,14906,27949
820,898,19327,14819,13852,30002
821,898,20596,14825,14041,28538
822,898,18654,15631,13216,30499
823,898,17551,15168,13137,32144
824,898,17059,15373,13025,32543
825,898,15821,15140,13118,33921
826,898,15373,14979,13003,34645
827,898,13606,14409,13333,36652
828,898,13532,14494,13373,36601
829,898,15552,15489,12696,34263
830,898,15287,15478,12500,34735
831,898,15039,15566,12601,34794
832,898,15609,15258,12877,34256
833,898,15139,15630,12755,34476
834,898,14657,15696,12290,35357
835,898,13704,15597,12461,36238
836,898,14363,15814,12521,35302
837,898,13884,15652,12673,35791
838,898,14306,15682,12293,35719
839,898,15581,16645,11884,33890
840,898,15927,16692,11864,33517
841,898,15937,16924,11890,33249
842,898,16028,16635,11797,33540
843,898,16065,16705,11716,33514
844,898,16436,16553,11930,33081
845,898,15462,16105,11893,34540
846,898,15319,16300,11982,34399
847,898,15410,16327,11815,34448
848,898,17217,16077,12675,32031
849,898,16338,15599,12618,33445
850,898,17153,15321,13062,32464
851,898,18906,15627,12908,30559
852,898,18467,15817,13096,30620
853,898,18148,15835,12866,31151
854,898,18420,15720,12771,31089
855,898,18693,16027,12715,30565
856,898,18065,16377,12630,30928
857,898,18372,16029,12507,31092
858,898,18056,16062,12447,31435
859,898,20124,16004,12703,29169
860,898,20106,16153,12996,28745
861,898,19758,15967,12930,29345
862,898,21648,16435,12314,27603
863,898,21433,16308,12469,27790
864,898,22621,16013,13231,26135
865,898,22910,15868,13141,26081
866,898,22253,16203,13190,26354
867,898,22217,16312,13064,26407
868,898,22233,16274,13259,26234
869,898,22336,16325,13047,26292
870,898,22296,16381,13166,26157
871,898,23749,15817,13972,24462
872,898,25222,16029,13572,23177
873,898,26395,16072,13929,21604
874,898,24646,15542,14145,23667
875,898,23028,15515,14249,25208
876,898,23523,15410,14430,24637
877,898,23548,15518,14282,24652
878,898,24239,14910,14581,24270
879,898,25602,14226,15473,22699
880,898,27089,14562,14912,21437
881,898,27117,14571,14903,21409
882,898,28441,14805,14748,20006
883,898,29831,14147,15590,18432
884,898,29931,14106,15405,18558
885,898,28904,14439,15752,18905
886,898,26957,14086,16273,20684
887,898,26918,14110,16302,20670
888,898,27035,14213,16040,20712
889,898,25760,14719,15419,22102
890,898,25294,14624,15777,22305
891,898,26537,14203,16342,20918
892,898,27279,13850,16949,19922
893,898,27407,13919,17145,19529
894,898,26221,12869,17744,21166
895,898,26086,13062,17730,21122
896,898,24763,12247,18331,22659
897,898,22868,11948,18562,24622
898,898,22855,12002,18634,24509
899,898,23138,12228,18355,24279
900,898,23913,12093,18159,23835
901,898,24740,12658,17812,22790
902,898,24505,12618,17967,22910
903,898,25702,12909,17981,21408
904,898,24471,13869,17625,22035
905,898,25789,13279,18369,20563
906,898,25814,13261,18375,20550
907,898,25784,13393,18419,20404
908,898,24528,13872,17545,22055
909,898,24473,13911,17718,21898
910,898,26706,13193,17978,20123
911,898,26430,13382,18127,20061
912,898,27592,14189,17314,18905
913,898,27767,14128,17268,18837
914,898,29954,14592,16390,17064
915,898,31012,14246,16883,15859
916,898,31042,14260,16846,15852
917,898,32317,14862,16132,14689
918,898,30147,13909,17497,16447
919,898,30374,13893,17523,16210
920,898,29434,13972,18362,16232
921,898,29271,13794,18537,16398
922,898,28176,13306,18715,17803
923,898,29250,13591,18841,16318
924,898,29174,13428,18842,16556
925,898,28209,13408,19691,16692
926,898,28489,13239,19550,16722
927,898,26339,14413,18857,18391
928,898,24418,15210,18427,19945
929,898,24722,15075,18355,19848
930,898,24533,15198,18424,19845
931,898,23865,14453,18487,21195
932,898,23985,14559,18422,21034
933,898,25048,14517,18814,19621
934,898,24796,14545,18807,19852
935,898,26118,15060,18483,18339
936,898,26077,15116,18575,18232
937,898,27833,15789,17622,16756
938,898,27933,15847,17410,16810
939,898,26039,16457,17184,18320
940,898,24938,16512,16656,19894
941,898,24897,16701,16689,19713
942,898,24628,16555,16948,19869
943,898,25313,16438,16497,19752
944,898,25335,16421,16344,19900
945,898,23554,16693,16459,21294
946,898,21659,16579,16634,23128
947,898,21789,16273,16627,23311
948,898,19924,17293,15728,25055
949,898,19774,17476,15684,25066
950,898,20623,16919,15868,24590
951,898,21154,16657,15801,24388
952,898,19302,15458,16797,26443
953,898,17792,15577,16322,28309
954,898,16642,15746,15441,30171
955,898,15581,15656,15251,31512
956,898,13890,15904,14266,33940
957,898,13477,15992,14151,34380
958,898,13013,16392,14024,34571
959,898,13365,16276,14094,34265
960,898,13625,16200,14150,34025
961,898,13413,15981,14389,34217
962,898,12465,14995,14359,36181
963,898,11870,15141,14699,36290
964,898,12358,15180,14223,36239
965,898,12496,15181,14274,36049
966,898,12868,14949,14309,35874
967,898,11422,15820,12726,38032
968,898,10882,15954,12673,38491
969,898,10539,16007,12754,38700
970,898,10516,16079,12609,38796
971,898,10162,16218,12261,39359
972,898,9787,16344,12341,39528
973,898,10154,16118,12432,39296
974,898,10170,16132,12567,39131
975,898,11495,16001,13781,36723
976,898,12029,16194,13208,36569
977,898,12007,16152,13295,36546
978,898,10554,16691,11910,38845
979,898,10881,16523,12103,38493
980,898,12535,16478,12706,36281
981,898,12516,16513,12629,36342
982,898,11414,15740,12700,38146
983,898,10317,15088,12663,39932
984,898,9961,15118,12496,40425
985,898,10064,15287,12675,39974
986,898,9744,15249,12339,40668
987,898,9064,15478,12309,41149
988,898,8052,14125,12540,43283
989,898,8009,14122,12247,43622
990,898,7869,14169,12353,43609
991,898,7947,13987,12298,43768
992,898,7775,14280,12307,43638
993,898,8728,14440,13327,41505
994,898,8848,14463,13468,41221
995,898,8791,14438,13275,41496
996,898,8788,14359,13247,41606
997,898,9186,14115,13515,41184
998,898,7836,14815,11508,43841
999,898,7907,14956,11685,43452
1000,898,6490,14942,10234,46334
