round,seed,population_seed,strategy,count,percentage
1,450,953,coop,29331,0.38
1,450,953,defect,19525,0.25
1,450,953,exploitation,29144,0.37
2,450,953,coop,29188,0.37
2,450,953,defect,19380,0.25
2,450,953,exploitation,29432,0.38
3,450,953,coop,29041,0.37
3,450,953,defect,20031,0.26
3,450,953,exploitation,28928,0.37
4,450,953,coop,27931,0.36
4,450,953,defect,20817,0.27
4,450,953,exploitation,29252,0.38
5,450,953,coop,27970,0.36
5,450,953,defect,20890,0.27
5,450,953,exploitation,29140,0.37
6,450,953,coop,28280,0.36
6,450,953,defect,20766,0.27
6,450,953,exploitation,28954,0.37
7,450,953,coop,25658,0.33
7,450,953,defect,23061,0.3
7,450,953,exploitation,29281,0.38
8,450,953,coop,25900,0.33
8,450,953,defect,23057,0.3
8,450,953,exploitation,29043,0.37
9,450,953,coop,26147,0.34
9,450,953,defect,22709,0.29
9,450,953,exploitation,29144,0.37
10,450,953,coop,23743,0.3
10,450,953,defect,25162,0.32
10,450,953,exploitation,29095,0.37
11,450,953,coop,23870,0.31
11,450,953,defect,25030,0.32
11,450,953,exploitation,29100,0.37
12,450,953,coop,24270,0.31
12,450,953,defect,24424,0.31
12,450,953,exploitation,29306,0.38
13,450,953,coop,23667,0.3
13,450,953,defect,25260,0.32
13,450,953,exploitation,29073,0.37
14,450,953,coop,22364,0.29
14,450,953,defect,26700,0.34
14,450,953,exploitation,28936,0.37
15,450,953,coop,22822,0.29
15,450,953,defect,26159,0.34
15,450,953,exploitation,29019,0.37
16,450,953,coop,22938,0.29
16,450,953,defect,26109,0.33
16,450,953,exploitation,28953,0.37
17,450,953,coop,22809,0.29
17,450,953,defect,25811,0.33
17,450,953,exploitation,29380,0.38
18,450,953,coop,23855,0.31
18,450,953,defect,24955,0.32
18,450,953,exploitation,29190,0.37
19,450,953,coop,23609,0.3
19,450,953,defect,24579,0.32
19,450,953,exploitation,29812,0.38
20,450,953,coop,22405,0.29
20,450,953,defect,26163,0.34
20,450,953,exploitation,29432,0.38
21,450,953,coop,22009,0.28
21,450,953,defect,26098,0.33
21,450,953,exploitation,29893,0.38
22,450,953,coop,22220,0.28
22,450,953,defect,26358,0.34
22,450,953,exploitation,29422,0.38
23,450,953,coop,19999,0.26
23,450,953,defect,28522,0.37
23,450,953,exploitation,29479,0.38
24,450,953,coop,20827,0.27
24,450,953,defect,27728,0.36
24,450,953,exploitation,29445,0.38
25,450,953,coop,20429,0.26
25,450,953,defect,28176,0.36
25,450,953,exploitation,29395,0.38
26,450,953,coop,21514,0.28
26,450,953,defect,26856,0.34
26,450,953,exploitation,29630,0.38
27,450,953,coop,21181,0.27
27,450,953,defect,27212,0.35
27,450,953,exploitation,29607,0.38
28,450,953,coop,20798,0.27
28,450,953,defect,27875,0.36
28,450,953,exploitation,29327,0.38
29,450,953,coop,20551,0.26
29,450,953,defect,27576,0.35
29,450,953,exploitation,29873,0.38
30,450,953,coop,20684,0.27
30,450,953,defect,27710,0.36
30,450,953,exploitation,29606,0.38
31,450,953,coop,20043,0.26
31,450,953,defect,29015,0.37
31,450,953,exploitation,28942,0.37
32,450,953,coop,19648,0.25
32,450,953,defect,29674,0.38
32,450,953,exploitation,28678,0.37
33,450,953,coop,19237,0.25
33,450,953,defect,29832,0.38
33,450,953,exploitation,28931,0.37
34,450,953,coop,19041,0.24
34,450,953,defect,29998,0.38
34,450,953,exploitation,28961,0.37
35,450,953,coop,18979,0.24
35,450,953,defect,30224,0.39
35,450,953,exploitation,28797,0.37
36,450,953,coop,19354,0.25
36,450,953,defect,29746,0.38
36,450,953,exploitation,28900,0.37
37,450,953,coop,18465,0.24
37,450,953,defect,30653,0.39
37,450,953,exploitation,28882,0.37
38,450,953,coop,18408,0.24
38,450,953,defect,30925,0.4
38,450,953,exploitation,28667,0.37
39,450,953,coop,18058,0.23
39,450,953,defect,31087,0.4
39,450,953,exploitation,28855,0.37
40,450,953,coop,18051,0.23
40,450,953,defect,30951,0.4
40,450,953,exploitation,28998,0.37
41,450,953,coop,16767,0.21
41,450,953,defect,32533,0.42
41,450,953,exploitation,28700,0.37
42,450,953,coop,18297,0.23
42,450,953,defect,30745,0.39
42,450,953,exploitation,28958,0.37
43,450,953,coop,18325,0.23
43,450,953,defect,30975,0.4
43,450,953,exploitation,28700,0.37
44,450,953,coop,16745,0.21
44,450,953,defect,32316,0.41
44,450,953,exploitation,28939,0.37
45,450,953,coop,18332,0.24
45,450,953,defect,30817,0.4
45,450,953,exploitation,28851,0.37
46,450,953,coop,17093,0.22
46,450,953,defect,31794,0.41
46,450,953,exploitation,29113,0.37
47,450,953,coop,18115,0.23
47,450,953,defect,30936,0.4
47,450,953,exploitation,28949,0.37
48,450,953,coop,17974,0.23
48,450,953,defect,31430,0.4
48,450,953,exploitation,28596,0.37
49,450,953,coop,16417,0.21
49,450,953,defect,33124,0.42
49,450,953,exploitation,28459,0.36
50,450,953,coop,17971,0.23
50,450,953,defect,31524,0.4
50,450,953,exploitation,28505,0.37
51,450,953,coop,18046,0.23
51,450,953,defect,31139,0.4
51,450,953,exploitation,28815,0.37
52,450,953,coop,17407,0.22
52,450,953,defect,32095,0.41
52,450,953,exploitation,28498,0.37
53,450,953,coop,15558,0.2
53,450,953,defect,34691,0.44
53,450,953,exploitation,27751,0.36
54,450,953,coop,16439,0.21
54,450,953,defect,33625,0.43
54,450,953,exploitation,27936,0.36
55,450,953,coop,16513,0.21
55,450,953,defect,33789,0.43
55,450,953,exploitation,27698,0.36
56,450,953,coop,15511,0.2
56,450,953,defect,34741,0.45
56,450,953,exploitation,27748,0.36
57,450,953,coop,15348,0.2
57,450,953,defect,34496,0.44
57,450,953,exploitation,28156,0.36
58,450,953,coop,15895,0.2
58,450,953,defect,34253,0.44
58,450,953,exploitation,27852,0.36
59,450,953,coop,15575,0.2
59,450,953,defect,34436,0.44
59,450,953,exploitation,27989,0.36
60,450,953,coop,14797,0.19
60,450,953,defect,35983,0.46
60,450,953,exploitation,27220,0.35
61,450,953,coop,13755,0.18
61,450,953,defect,37176,0.48
61,450,953,exploitation,27069,0.35
62,450,953,coop,14753,0.19
62,450,953,defect,36182,0.46
62,450,953,exploitation,27065,0.35
63,450,953,coop,14618,0.19
63,450,953,defect,36072,0.46
63,450,953,exploitation,27310,0.35
64,450,953,coop,15688,0.2
64,450,953,defect,34775,0.45
64,450,953,exploitation,27537,0.35
65,450,953,coop,15761,0.2
65,450,953,defect,34792,0.45
65,450,953,exploitation,27447,0.35
66,450,953,coop,16127,0.21
66,450,953,defect,34334,0.44
66,450,953,exploitation,27539,0.35
67,450,953,coop,15381,0.2
67,450,953,defect,35101,0.45
67,450,953,exploitation,27518,0.35
68,450,953,coop,14280,0.18
68,450,953,defect,36699,0.47
68,450,953,exploitation,27021,0.35
69,450,953,coop,13715,0.18
69,450,953,defect,37425,0.48
69,450,953,exploitation,26860,0.34
70,450,953,coop,13132,0.17
70,450,953,defect,38269,0.49
70,450,953,exploitation,26599,0.34
71,450,953,coop,12458,0.16
71,450,953,defect,39168,0.5
71,450,953,exploitation,26374,0.34
72,450,953,coop,12970,0.17
72,450,953,defect,38464,0.49
72,450,953,exploitation,26566,0.34
73,450,953,coop,12296,0.16
73,450,953,defect,39002,0.5
73,450,953,exploitation,26702,0.34
74,450,953,coop,11263,0.14
74,450,953,defect,40717,0.52
74,450,953,exploitation,26020,0.33
75,450,953,coop,11148,0.14
75,450,953,defect,40806,0.52
75,450,953,exploitation,26046,0.33
76,450,953,coop,10469,0.13
76,450,953,defect,41626,0.53
76,450,953,exploitation,25905,0.33
77,450,953,coop,11074,0.14
77,450,953,defect,40998,0.53
77,450,953,exploitation,25928,0.33
78,450,953,coop,11961,0.15
78,450,953,defect,39305,0.5
78,450,953,exploitation,26734,0.34
79,450,953,coop,11108,0.14
79,450,953,defect,40215,0.52
79,450,953,exploitation,26677,0.34
80,450,953,coop,12379,0.16
80,450,953,defect,38680,0.5
80,450,953,exploitation,26941,0.35
81,450,953,coop,12504,0.16
81,450,953,defect,38496,0.49
81,450,953,exploitation,27000,0.35
82,450,953,coop,13561,0.17
82,450,953,defect,36835,0.47
82,450,953,exploitation,27604,0.35
83,450,953,coop,14470,0.19
83,450,953,defect,35775,0.46
83,450,953,exploitation,27755,0.36
84,450,953,coop,15511,0.2
84,450,953,defect,34757,0.45
84,450,953,exploitation,27732,0.36
85,450,953,coop,15906,0.2
85,450,953,defect,34144,0.44
85,450,953,exploitation,27950,0.36
86,450,953,coop,15774,0.2
86,450,953,defect,34095,0.44
86,450,953,exploitation,28131,0.36
87,450,953,coop,17327,0.22
87,450,953,defect,32520,0.42
87,450,953,exploitation,28153,0.36
88,450,953,coop,17243,0.22
88,450,953,defect,32418,0.42
88,450,953,exploitation,28339,0.36
89,450,953,coop,18109,0.23
89,450,953,defect,31297,0.4
89,450,953,exploitation,28594,0.37
90,450,953,coop,18126,0.23
90,450,953,defect,31354,0.4
90,450,953,exploitation,28520,0.37
91,450,953,coop,18716,0.24
91,450,953,defect,30119,0.39
91,450,953,exploitation,29165,0.37
92,450,953,coop,19516,0.25
92,450,953,defect,28591,0.37
92,450,953,exploitation,29893,0.38
93,450,953,coop,17689,0.23
93,450,953,defect,31204,0.4
93,450,953,exploitation,29107,0.37
94,450,953,coop,18053,0.23
94,450,953,defect,30761,0.39
94,450,953,exploitation,29186,0.37
95,450,953,coop,19009,0.24
95,450,953,defect,29584,0.38
95,450,953,exploitation,29407,0.38
96,450,953,coop,19070,0.24
96,450,953,defect,29552,0.38
96,450,953,exploitation,29378,0.38
97,450,953,coop,20600,0.26
97,450,953,defect,28129,0.36
97,450,953,exploitation,29271,0.38
98,450,953,coop,21046,0.27
98,450,953,defect,27214,0.35
98,450,953,exploitation,29740,0.38
99,450,953,coop,22357,0.29
99,450,953,defect,25788,0.33
99,450,953,exploitation,29855,0.38
100,450,953,coop,23919,0.31
100,450,953,defect,24481,0.31
100,450,953,exploitation,29600,0.38
101,450,953,coop,23370,0.3
101,450,953,defect,25543,0.33
101,450,953,exploitation,29087,0.37
102,450,953,coop,23231,0.3
102,450,953,defect,25372,0.33
102,450,953,exploitation,29397,0.38
103,450,953,coop,21598,0.28
103,450,953,defect,27088,0.35
103,450,953,exploitation,29314,0.38
104,450,953,coop,21954,0.28
104,450,953,defect,26817,0.34
104,450,953,exploitation,29229,0.37
105,450,953,coop,21777,0.28
105,450,953,defect,26921,0.35
105,450,953,exploitation,29302,0.38
106,450,953,coop,20776,0.27
106,450,953,defect,28247,0.36
106,450,953,exploitation,28977,0.37
107,450,953,coop,19725,0.25
107,450,953,defect,29454,0.38
107,450,953,exploitation,28821,0.37
108,450,953,coop,19943,0.26
108,450,953,defect,28558,0.37
108,450,953,exploitation,29499,0.38
109,450,953,coop,21482,0.28
109,450,953,defect,27100,0.35
109,450,953,exploitation,29418,0.38
110,450,953,coop,20236,0.26
110,450,953,defect,28587,0.37
110,450,953,exploitation,29177,0.37
111,450,953,coop,18803,0.24
111,450,953,defect,30073,0.39
111,450,953,exploitation,29124,0.37
112,450,953,coop,17201,0.22
112,450,953,defect,32146,0.41
112,450,953,exploitation,28653,0.37
113,450,953,coop,16604,0.21
113,450,953,defect,32688,0.42
113,450,953,exploitation,28708,0.37
114,450,953,coop,17518,0.22
114,450,953,defect,31464,0.4
114,450,953,exploitation,29018,0.37
115,450,953,coop,16032,0.21
115,450,953,defect,32916,0.42
115,450,953,exploitation,29052,0.37
116,450,953,coop,17102,0.22
116,450,953,defect,32003,0.41
116,450,953,exploitation,28895,0.37
117,450,953,coop,19153,0.25
117,450,953,defect,29625,0.38
117,450,953,exploitation,29222,0.37
118,450,953,coop,19079,0.24
118,450,953,defect,29613,0.38
118,450,953,exploitation,29308,0.38
119,450,953,coop,19198,0.25
119,450,953,defect,29610,0.38
119,450,953,exploitation,29192,0.37
120,450,953,coop,19144,0.25
120,450,953,defect,29661,0.38
120,450,953,exploitation,29195,0.37
121,450,953,coop,18023,0.23
121,450,953,defect,30891,0.4
121,450,953,exploitation,29086,0.37
122,450,953,coop,17981,0.23
122,450,953,defect,31129,0.4
122,450,953,exploitation,28890,0.37
123,450,953,coop,16698,0.21
123,450,953,defect,32204,0.41
123,450,953,exploitation,29098,0.37
124,450,953,coop,16743,0.21
124,450,953,defect,32411,0.42
124,450,953,exploitation,28846,0.37
125,450,953,coop,16777,0.22
125,450,953,defect,32686,0.42
125,450,953,exploitation,28537,0.37
126,450,953,coop,16895,0.22
126,450,953,defect,32435,0.42
126,450,953,exploitation,28670,0.37
127,450,953,coop,15851,0.2
127,450,953,defect,33528,0.43
127,450,953,exploitation,28621,0.37
128,450,953,coop,17550,0.22
128,450,953,defect,31313,0.4
128,450,953,exploitation,29137,0.37
129,450,953,coop,17173,0.22
129,450,953,defect,31999,0.41
129,450,953,exploitation,28828,0.37
130,450,953,coop,16662,0.21
130,450,953,defect,33269,0.43
130,450,953,exploitation,28069,0.36
131,450,953,coop,15644,0.2
131,450,953,defect,34237,0.44
131,450,953,exploitation,28119,0.36
132,450,953,coop,15627,0.2
132,450,953,defect,34240,0.44
132,450,953,exploitation,28133,0.36
133,450,953,coop,16362,0.21
133,450,953,defect,33367,0.43
133,450,953,exploitation,28271,0.36
134,450,953,coop,17733,0.23
134,450,953,defect,31563,0.4
134,450,953,exploitation,28704,0.37
135,450,953,coop,16410,0.21
135,450,953,defect,33206,0.43
135,450,953,exploitation,28384,0.36
136,450,953,coop,16223,0.21
136,450,953,defect,33460,0.43
136,450,953,exploitation,28317,0.36
137,450,953,coop,16701,0.21
137,450,953,defect,32722,0.42
137,450,953,exploitation,28577,0.37
138,450,953,coop,16676,0.21
138,450,953,defect,32725,0.42
138,450,953,exploitation,28599,0.37
139,450,953,coop,17806,0.23
139,450,953,defect,31702,0.41
139,450,953,exploitation,28492,0.37
140,450,953,coop,16915,0.22
140,450,953,defect,32674,0.42
140,450,953,exploitation,28411,0.36
141,450,953,coop,18034,0.23
141,450,953,defect,30972,0.4
141,450,953,exploitation,28994,0.37
142,450,953,coop,18297,0.23
142,450,953,defect,31103,0.4
142,450,953,exploitation,28600,0.37
143,450,953,coop,18117,0.23
143,450,953,defect,31179,0.4
143,450,953,exploitation,28704,0.37
144,450,953,coop,18244,0.23
144,450,953,defect,31213,0.4
144,450,953,exploitation,28543,0.37
145,450,953,coop,18393,0.24
145,450,953,defect,30868,0.4
145,450,953,exploitation,28739,0.37
146,450,953,coop,18457,0.24
146,450,953,defect,30673,0.39
146,450,953,exploitation,28870,0.37
147,450,953,coop,18387,0.24
147,450,953,defect,30863,0.4
147,450,953,exploitation,28750,0.37
148,450,953,coop,17028,0.22
148,450,953,defect,32268,0.41
148,450,953,exploitation,28704,0.37
149,450,953,coop,17316,0.22
149,450,953,defect,32014,0.41
149,450,953,exploitation,28670,0.37
150,450,953,coop,16488,0.21
150,450,953,defect,32547,0.42
150,450,953,exploitation,28965,0.37
151,450,953,coop,16391,0.21
151,450,953,defect,32554,0.42
151,450,953,exploitation,29055,0.37
152,450,953,coop,16848,0.22
152,450,953,defect,32211,0.41
152,450,953,exploitation,28941,0.37
153,450,953,coop,18146,0.23
153,450,953,defect,30673,0.39
153,450,953,exploitation,29181,0.37
154,450,953,coop,16908,0.22
154,450,953,defect,31710,0.41
154,450,953,exploitation,29382,0.38
155,450,953,coop,18499,0.24
155,450,953,defect,30146,0.39
155,450,953,exploitation,29355,0.38
156,450,953,coop,18308,0.23
156,450,953,defect,30150,0.39
156,450,953,exploitation,29542,0.38
157,450,953,coop,19681,0.25
157,450,953,defect,28872,0.37
157,450,953,exploitation,29447,0.38
158,450,953,coop,21655,0.28
158,450,953,defect,26557,0.34
158,450,953,exploitation,29788,0.38
159,450,953,coop,21467,0.28
159,450,953,defect,26445,0.34
159,450,953,exploitation,30088,0.39
160,450,953,coop,21823,0.28
160,450,953,defect,25949,0.33
160,450,953,exploitation,30228,0.39
161,450,953,coop,23577,0.3
161,450,953,defect,24742,0.32
161,450,953,exploitation,29681,0.38
162,450,953,coop,21437,0.27
162,450,953,defect,26641,0.34
162,450,953,exploitation,29922,0.38
163,450,953,coop,23230,0.3
163,450,953,defect,25185,0.32
163,450,953,exploitation,29585,0.38
164,450,953,coop,21316,0.27
164,450,953,defect,27345,0.35
164,450,953,exploitation,29339,0.38
165,450,953,coop,21082,0.27
165,450,953,defect,27346,0.35
165,450,953,exploitation,29572,0.38
166,450,953,coop,22719,0.29
166,450,953,defect,25844,0.33
166,450,953,exploitation,29437,0.38
167,450,953,coop,22730,0.29
167,450,953,defect,26012,0.33
167,450,953,exploitation,29258,0.38
168,450,953,coop,22025,0.28
168,450,953,defect,26984,0.35
168,450,953,exploitation,28991,0.37
169,450,953,coop,21878,0.28
169,450,953,defect,27049,0.35
169,450,953,exploitation,29073,0.37
170,450,953,coop,21478,0.28
170,450,953,defect,27607,0.35
170,450,953,exploitation,28915,0.37
171,450,953,coop,21655,0.28
171,450,953,defect,27728,0.36
171,450,953,exploitation,28617,0.37
172,450,953,coop,21501,0.28
172,450,953,defect,27738,0.36
172,450,953,exploitation,28761,0.37
173,450,953,coop,20108,0.26
173,450,953,defect,29236,0.37
173,450,953,exploitation,28656,0.37
174,450,953,coop,19164,0.25
174,450,953,defect,30302,0.39
174,450,953,exploitation,28534,0.37
175,450,953,coop,19032,0.24
175,450,953,defect,30266,0.39
175,450,953,exploitation,28702,0.37
176,450,953,coop,17490,0.22
176,450,953,defect,31741,0.41
176,450,953,exploitation,28769,0.37
177,450,953,coop,17681,0.23
177,450,953,defect,31863,0.41
177,450,953,exploitation,28456,0.36
178,450,953,coop,17701,0.23
178,450,953,defect,31585,0.4
178,450,953,exploitation,28714,0.37
179,450,953,coop,17584,0.23
179,450,953,defect,31745,0.41
179,450,953,exploitation,28671,0.37
180,450,953,coop,16403,0.21
180,450,953,defect,33315,0.43
180,450,953,exploitation,28282,0.36
181,450,953,coop,14852,0.19
181,450,953,defect,34888,0.45
181,450,953,exploitation,28260,0.36
182,450,953,coop,14750,0.19
182,450,953,defect,35307,0.45
182,450,953,exploitation,27943,0.36
183,450,953,coop,13798,0.18
183,450,953,defect,36430,0.47
183,450,953,exploitation,27772,0.36
184,450,953,coop,12714,0.16
184,450,953,defect,37149,0.48
184,450,953,exploitation,28137,0.36
185,450,953,coop,12981,0.17
185,450,953,defect,37136,0.48
185,450,953,exploitation,27883,0.36
186,450,953,coop,12148,0.16
186,450,953,defect,38016,0.49
186,450,953,exploitation,27836,0.36
187,450,953,coop,10675,0.14
187,450,953,defect,40301,0.52
187,450,953,exploitation,27024,0.35
188,450,953,coop,10587,0.14
188,450,953,defect,40273,0.52
188,450,953,exploitation,27140,0.35
189,450,953,coop,10653,0.14
189,450,953,defect,40384,0.52
189,450,953,exploitation,26963,0.35
190,450,953,coop,9581,0.12
190,450,953,defect,41607,0.53
190,450,953,exploitation,26812,0.34
191,450,953,coop,9783,0.13
191,450,953,defect,41674,0.53
191,450,953,exploitation,26543,0.34
192,450,953,coop,10474,0.13
192,450,953,defect,40567,0.52
192,450,953,exploitation,26959,0.35
193,450,953,coop,10621,0.14
193,450,953,defect,40397,0.52
193,450,953,exploitation,26982,0.35
194,450,953,coop,11915,0.15
194,450,953,defect,37848,0.49
194,450,953,exploitation,28237,0.36
195,450,953,coop,13312,0.17
195,450,953,defect,35718,0.46
195,450,953,exploitation,28970,0.37
196,450,953,coop,13507,0.17
196,450,953,defect,35605,0.46
196,450,953,exploitation,28888,0.37
197,450,953,coop,13506,0.17
197,450,953,defect,35613,0.46
197,450,953,exploitation,28881,0.37
198,450,953,coop,14144,0.18
198,450,953,defect,34306,0.44
198,450,953,exploitation,29550,0.38
199,450,953,coop,13955,0.18
199,450,953,defect,34301,0.44
199,450,953,exploitation,29744,0.38
200,450,953,coop,14152,0.18
200,450,953,defect,34367,0.44
200,450,953,exploitation,29481,0.38
201,450,953,coop,13984,0.18
201,450,953,defect,34362,0.44
201,450,953,exploitation,29654,0.38
202,450,953,coop,15291,0.2
202,450,953,defect,32947,0.42
202,450,953,exploitation,29762,0.38
203,450,953,coop,15161,0.19
203,450,953,defect,32940,0.42
203,450,953,exploitation,29899,0.38
204,450,953,coop,15123,0.19
204,450,953,defect,32903,0.42
204,450,953,exploitation,29974,0.38
205,450,953,coop,15174,0.19
205,450,953,defect,33011,0.42
205,450,953,exploitation,29815,0.38
206,450,953,coop,15139,0.19
206,450,953,defect,33193,0.43
206,450,953,exploitation,29668,0.38
207,450,953,coop,15521,0.2
207,450,953,defect,31974,0.41
207,450,953,exploitation,30505,0.39
208,450,953,coop,15571,0.2
208,450,953,defect,32060,0.41
208,450,953,exploitation,30369,0.39
209,450,953,coop,14335,0.18
209,450,953,defect,33315,0.43
209,450,953,exploitation,30350,0.39
210,450,953,coop,13141,0.17
210,450,953,defect,34674,0.44
210,450,953,exploitation,30185,0.39
211,450,953,coop,12173,0.16
211,450,953,defect,35649,0.46
211,450,953,exploitation,30178,0.39
212,450,953,coop,13540,0.17
212,450,953,defect,33654,0.43
212,450,953,exploitation,30806,0.39
213,450,953,coop,14358,0.18
213,450,953,defect,32693,0.42
213,450,953,exploitation,30949,0.4
214,450,953,coop,14324,0.18
214,450,953,defect,32797,0.42
214,450,953,exploitation,30879,0.4
215,450,953,coop,15915,0.2
215,450,953,defect,30641,0.39
215,450,953,exploitation,31444,0.4
216,450,953,coop,14419,0.18
216,450,953,defect,32777,0.42
216,450,953,exploitation,30804,0.39
217,450,953,coop,14267,0.18
217,450,953,defect,32894,0.42
217,450,953,exploitation,30839,0.4
218,450,953,coop,14596,0.19
218,450,953,defect,31941,0.41
218,450,953,exploitation,31463,0.4
219,450,953,coop,14817,0.19
219,450,953,defect,31832,0.41
219,450,953,exploitation,31351,0.4
220,450,953,coop,16082,0.21
220,450,953,defect,29817,0.38
220,450,953,exploitation,32101,0.41
221,450,953,coop,16180,0.21
221,450,953,defect,29883,0.38
221,450,953,exploitation,31937,0.41
222,450,953,coop,15055,0.19
222,450,953,defect,30879,0.4
222,450,953,exploitation,32066,0.41
223,450,953,coop,15149,0.19
223,450,953,defect,30950,0.4
223,450,953,exploitation,31901,0.41
224,450,953,coop,13653,0.18
224,450,953,defect,32760,0.42
224,450,953,exploitation,31587,0.4
225,450,953,coop,13228,0.17
225,450,953,defect,34078,0.44
225,450,953,exploitation,30694,0.39
226,450,953,coop,13738,0.18
226,450,953,defect,32448,0.42
226,450,953,exploitation,31814,0.41
227,450,953,coop,15112,0.19
227,450,953,defect,30412,0.39
227,450,953,exploitation,32476,0.42
228,450,953,coop,16822,0.22
228,450,953,defect,28291,0.36
228,450,953,exploitation,32887,0.42
229,450,953,coop,16934,0.22
229,450,953,defect,28386,0.36
229,450,953,exploitation,32680,0.42
230,450,953,coop,16489,0.21
230,450,953,defect,29216,0.37
230,450,953,exploitation,32295,0.41
231,450,953,coop,14914,0.19
231,450,953,defect,31563,0.4
231,450,953,exploitation,31523,0.4
232,450,953,coop,14897,0.19
232,450,953,defect,31414,0.4
232,450,953,exploitation,31689,0.41
233,450,953,coop,14933,0.19
233,450,953,defect,31569,0.4
233,450,953,exploitation,31498,0.4
234,450,953,coop,14903,0.19
234,450,953,defect,31411,0.4
234,450,953,exploitation,31686,0.41
235,450,953,coop,13362,0.17
235,450,953,defect,33663,0.43
235,450,953,exploitation,30975,0.4
236,450,953,coop,13445,0.17
236,450,953,defect,33672,0.43
236,450,953,exploitation,30883,0.4
237,450,953,coop,14745,0.19
237,450,953,defect,32286,0.41
237,450,953,exploitation,30969,0.4
238,450,953,coop,15901,0.2
238,450,953,defect,31135,0.4
238,450,953,exploitation,30964,0.4
239,450,953,coop,16181,0.21
239,450,953,defect,29828,0.38
239,450,953,exploitation,31991,0.41
240,450,953,coop,15051,0.19
240,450,953,defect,30765,0.39
240,450,953,exploitation,32184,0.41
241,450,953,coop,13661,0.18
241,450,953,defect,33063,0.42
241,450,953,exploitation,31276,0.4
242,450,953,coop,14910,0.19
242,450,953,defect,31003,0.4
242,450,953,exploitation,32087,0.41
243,450,953,coop,15164,0.19
243,450,953,defect,30924,0.4
243,450,953,exploitation,31912,0.41
244,450,953,coop,13482,0.17
244,450,953,defect,32924,0.42
244,450,953,exploitation,31594,0.41
245,450,953,coop,13639,0.17
245,450,953,defect,33008,0.42
245,450,953,exploitation,31353,0.4
246,450,953,coop,13681,0.18
246,450,953,defect,33029,0.42
246,450,953,exploitation,31290,0.4
247,450,953,coop,13532,0.17
247,450,953,defect,33014,0.42
247,450,953,exploitation,31454,0.4
248,450,953,coop,14954,0.19
248,450,953,defect,30989,0.4
248,450,953,exploitation,32057,0.41
249,450,953,coop,15089,0.19
249,450,953,defect,30970,0.4
249,450,953,exploitation,31941,0.41
250,450,953,coop,16422,0.21
250,450,953,defect,29725,0.38
250,450,953,exploitation,31853,0.41
251,450,953,coop,16199,0.21
251,450,953,defect,29653,0.38
251,450,953,exploitation,32148,0.41
252,450,953,coop,16326,0.21
252,450,953,defect,29833,0.38
252,450,953,exploitation,31841,0.41
253,450,953,coop,17656,0.23
253,450,953,defect,28367,0.36
253,450,953,exploitation,31977,0.41
254,450,953,coop,17712,0.23
254,450,953,defect,28599,0.37
254,450,953,exploitation,31689,0.41
255,450,953,coop,17651,0.23
255,450,953,defect,28621,0.37
255,450,953,exploitation,31728,0.41
256,450,953,coop,17574,0.23
256,450,953,defect,28633,0.37
256,450,953,exploitation,31793,0.41
257,450,953,coop,17819,0.23
257,450,953,defect,28477,0.37
257,450,953,exploitation,31704,0.41
258,450,953,coop,16235,0.21
258,450,953,defect,29614,0.38
258,450,953,exploitation,32151,0.41
259,450,953,coop,18120,0.23
259,450,953,defect,27554,0.35
259,450,953,exploitation,32326,0.41
260,450,953,coop,17863,0.23
260,450,953,defect,27914,0.36
260,450,953,exploitation,32223,0.41
261,450,953,coop,16337,0.21
261,450,953,defect,29893,0.38
261,450,953,exploitation,31770,0.41
262,450,953,coop,16366,0.21
262,450,953,defect,30005,0.38
262,450,953,exploitation,31629,0.41
263,450,953,coop,16328,0.21
263,450,953,defect,29671,0.38
263,450,953,exploitation,32001,0.41
264,450,953,coop,17882,0.23
264,450,953,defect,27771,0.36
264,450,953,exploitation,32347,0.41
265,450,953,coop,17535,0.22
265,450,953,defect,28536,0.37
265,450,953,exploitation,31929,0.41
266,450,953,coop,19044,0.24
266,450,953,defect,27554,0.35
266,450,953,exploitation,31402,0.4
267,450,953,coop,17798,0.23
267,450,953,defect,28388,0.36
267,450,953,exploitation,31814,0.41
268,450,953,coop,17527,0.22
268,450,953,defect,28486,0.37
268,450,953,exploitation,31987,0.41
269,450,953,coop,16040,0.21
269,450,953,defect,30634,0.39
269,450,953,exploitation,31326,0.4
270,450,953,coop,15887,0.2
270,450,953,defect,30816,0.4
270,450,953,exploitation,31297,0.4
271,450,953,coop,15967,0.2
271,450,953,defect,30548,0.39
271,450,953,exploitation,31485,0.4
272,450,953,coop,17105,0.22
272,450,953,defect,29817,0.38
272,450,953,exploitation,31078,0.4
273,450,953,coop,16084,0.21
273,450,953,defect,31086,0.4
273,450,953,exploitation,30830,0.4
274,450,953,coop,17221,0.22
274,450,953,defect,29655,0.38
274,450,953,exploitation,31124,0.4
275,450,953,coop,16871,0.22
275,450,953,defect,30094,0.39
275,450,953,exploitation,31035,0.4
276,450,953,coop,16916,0.22
276,450,953,defect,30359,0.39
276,450,953,exploitation,30725,0.39
277,450,953,coop,18500,0.24
277,450,953,defect,28260,0.36
277,450,953,exploitation,31240,0.4
278,450,953,coop,18648,0.24
278,450,953,defect,28250,0.36
278,450,953,exploitation,31102,0.4
279,450,953,coop,16715,0.21
279,450,953,defect,30295,0.39
279,450,953,exploitation,30990,0.4
280,450,953,coop,16727,0.21
280,450,953,defect,30259,0.39
280,450,953,exploitation,31014,0.4
281,450,953,coop,15730,0.2
281,450,953,defect,31498,0.4
281,450,953,exploitation,30772,0.39
282,450,953,coop,14135,0.18
282,450,953,defect,33695,0.43
282,450,953,exploitation,30170,0.39
283,450,953,coop,13596,0.17
283,450,953,defect,34861,0.45
283,450,953,exploitation,29543,0.38
284,450,953,coop,14242,0.18
284,450,953,defect,33576,0.43
284,450,953,exploitation,30182,0.39
285,450,953,coop,15266,0.2
285,450,953,defect,32425,0.42
285,450,953,exploitation,30309,0.39
286,450,953,coop,16360,0.21
286,450,953,defect,31606,0.41
286,450,953,exploitation,30034,0.39
287,450,953,coop,16610,0.21
287,450,953,defect,31003,0.4
287,450,953,exploitation,30387,0.39
288,450,953,coop,16799,0.22
288,450,953,defect,30769,0.39
288,450,953,exploitation,30432,0.39
289,450,953,coop,14941,0.19
289,450,953,defect,33187,0.43
289,450,953,exploitation,29872,0.38
290,450,953,coop,16687,0.21
290,450,953,defect,30817,0.4
290,450,953,exploitation,30496,0.39
291,450,953,coop,16321,0.21
291,450,953,defect,31652,0.41
291,450,953,exploitation,30027,0.38
292,450,953,coop,16370,0.21
292,450,953,defect,31650,0.41
292,450,953,exploitation,29980,0.38
293,450,953,coop,15359,0.2
293,450,953,defect,32602,0.42
293,450,953,exploitation,30039,0.39
294,450,953,coop,15132,0.19
294,450,953,defect,32331,0.41
294,450,953,exploitation,30537,0.39
295,450,953,coop,13955,0.18
295,450,953,defect,34757,0.45
295,450,953,exploitation,29288,0.38
296,450,953,coop,14958,0.19
296,450,953,defect,33347,0.43
296,450,953,exploitation,29695,0.38
297,450,953,coop,13639,0.17
297,450,953,defect,34809,0.45
297,450,953,exploitation,29552,0.38
298,450,953,coop,14799,0.19
298,450,953,defect,33296,0.43
298,450,953,exploitation,29905,0.38
299,450,953,coop,15352,0.2
299,450,953,defect,32029,0.41
299,450,953,exploitation,30619,0.39
300,450,953,coop,16908,0.22
300,450,953,defect,30610,0.39
300,450,953,exploitation,30482,0.39
301,450,953,coop,17197,0.22
301,450,953,defect,29904,0.38
301,450,953,exploitation,30899,0.4
302,450,953,coop,17073,0.22
302,450,953,defect,29935,0.38
302,450,953,exploitation,30992,0.4
303,450,953,coop,15476,0.2
303,450,953,defect,31921,0.41
303,450,953,exploitation,30603,0.39
304,450,953,coop,17179,0.22
304,450,953,defect,29766,0.38
304,450,953,exploitation,31055,0.4
305,450,953,coop,16840,0.22
305,450,953,defect,30822,0.4
305,450,953,exploitation,30338,0.39
306,450,953,coop,18290,0.23
306,450,953,defect,29531,0.38
306,450,953,exploitation,30179,0.39
307,450,953,coop,17002,0.22
307,450,953,defect,30369,0.39
307,450,953,exploitation,30629,0.39
308,450,953,coop,16770,0.22
308,450,953,defect,30672,0.39
308,450,953,exploitation,30558,0.39
309,450,953,coop,18424,0.24
309,450,953,defect,29405,0.38
309,450,953,exploitation,30171,0.39
310,450,953,coop,16787,0.22
310,450,953,defect,30638,0.39
310,450,953,exploitation,30575,0.39
311,450,953,coop,15484,0.2
311,450,953,defect,31899,0.41
311,450,953,exploitation,30617,0.39
312,450,953,coop,15845,0.2
312,450,953,defect,31201,0.4
312,450,953,exploitation,30954,0.4
313,450,953,coop,15970,0.2
313,450,953,defect,29982,0.38
313,450,953,exploitation,32048,0.41
314,450,953,coop,14548,0.19
314,450,953,defect,32367,0.41
314,450,953,exploitation,31085,0.4
315,450,953,coop,14580,0.19
315,450,953,defect,32490,0.42
315,450,953,exploitation,30930,0.4
316,450,953,coop,14484,0.19
316,450,953,defect,32429,0.42
316,450,953,exploitation,31087,0.4
317,450,953,coop,15683,0.2
317,450,953,defect,31107,0.4
317,450,953,exploitation,31210,0.4
318,450,953,coop,15808,0.2
318,450,953,defect,31105,0.4
318,450,953,exploitation,31087,0.4
319,450,953,coop,15982,0.2
319,450,953,defect,31062,0.4
319,450,953,exploitation,30956,0.4
320,450,953,coop,15816,0.2
320,450,953,defect,30920,0.4
320,450,953,exploitation,31264,0.4
321,450,953,coop,15985,0.2
321,450,953,defect,31113,0.4
321,450,953,exploitation,30902,0.4
322,450,953,coop,15929,0.2
322,450,953,defect,30821,0.4
322,450,953,exploitation,31250,0.4
323,450,953,coop,15928,0.2
323,450,953,defect,31016,0.4
323,450,953,exploitation,31056,0.4
324,450,953,coop,15885,0.2
324,450,953,defect,31054,0.4
324,450,953,exploitation,31061,0.4
325,450,953,coop,14324,0.18
325,450,953,defect,33211,0.43
325,450,953,exploitation,30465,0.39
326,450,953,coop,13057,0.17
326,450,953,defect,34662,0.44
326,450,953,exploitation,30281,0.39
327,450,953,coop,14345,0.18
327,450,953,defect,32290,0.41
327,450,953,exploitation,31365,0.4
328,450,953,coop,15659,0.2
328,450,953,defect,31708,0.41
328,450,953,exploitation,30633,0.39
329,450,953,coop,15015,0.19
329,450,953,defect,32913,0.42
329,450,953,exploitation,30072,0.39
330,450,953,coop,14965,0.19
330,450,953,defect,32837,0.42
330,450,953,exploitation,30198,0.39
331,450,953,coop,16505,0.21
331,450,953,defect,31449,0.4
331,450,953,exploitation,30046,0.39
332,450,953,coop,16335,0.21
332,450,953,defect,31621,0.41
332,450,953,exploitation,30044,0.39
333,450,953,coop,16550,0.21
333,450,953,defect,31435,0.4
333,450,953,exploitation,30015,0.38
334,450,953,coop,16626,0.21
334,450,953,defect,31285,0.4
334,450,953,exploitation,30089,0.39
335,450,953,coop,17955,0.23
335,450,953,defect,29886,0.38
335,450,953,exploitation,30159,0.39
336,450,953,coop,19341,0.25
336,450,953,defect,28418,0.36
336,450,953,exploitation,30241,0.39
337,450,953,coop,19041,0.24
337,450,953,defect,29375,0.38
337,450,953,exploitation,29584,0.38
338,450,953,coop,18350,0.24
338,450,953,defect,30485,0.39
338,450,953,exploitation,29165,0.37
339,450,953,coop,16891,0.22
339,450,953,defect,31971,0.41
339,450,953,exploitation,29138,0.37
340,450,953,coop,15694,0.2
340,450,953,defect,33341,0.43
340,450,953,exploitation,28965,0.37
341,450,953,coop,15643,0.2
341,450,953,defect,33528,0.43
341,450,953,exploitation,28829,0.37
342,450,953,coop,14070,0.18
342,450,953,defect,35693,0.46
342,450,953,exploitation,28237,0.36
343,450,953,coop,13943,0.18
343,450,953,defect,35534,0.46
343,450,953,exploitation,28523,0.37
344,450,953,coop,13508,0.17
344,450,953,defect,36576,0.47
344,450,953,exploitation,27916,0.36
345,450,953,coop,12140,0.16
345,450,953,defect,38943,0.5
345,450,953,exploitation,26917,0.35
346,450,953,coop,12250,0.16
346,450,953,defect,38651,0.5
346,450,953,exploitation,27099,0.35
347,450,953,coop,11304,0.14
347,450,953,defect,40014,0.51
347,450,953,exploitation,26682,0.34
348,450,953,coop,10346,0.13
348,450,953,defect,40995,0.53
348,450,953,exploitation,26659,0.34
349,450,953,coop,11400,0.15
349,450,953,defect,39648,0.51
349,450,953,exploitation,26952,0.35
350,450,953,coop,11532,0.15
350,450,953,defect,39541,0.51
350,450,953,exploitation,26927,0.35
351,450,953,coop,10667,0.14
351,450,953,defect,40526,0.52
351,450,953,exploitation,26807,0.34
352,450,953,coop,11471,0.15
352,450,953,defect,39018,0.5
352,450,953,exploitation,27511,0.35
353,450,953,coop,12715,0.16
353,450,953,defect,37630,0.48
353,450,953,exploitation,27655,0.35
354,450,953,coop,11895,0.15
354,450,953,defect,38425,0.49
354,450,953,exploitation,27680,0.35
355,450,953,coop,12894,0.17
355,450,953,defect,37107,0.48
355,450,953,exploitation,27999,0.36
356,450,953,coop,13355,0.17
356,450,953,defect,36163,0.46
356,450,953,exploitation,28482,0.37
357,450,953,coop,13401,0.17
357,450,953,defect,36074,0.46
357,450,953,exploitation,28525,0.37
358,450,953,coop,13422,0.17
358,450,953,defect,36171,0.46
358,450,953,exploitation,28407,0.36
359,450,953,coop,14740,0.19
359,450,953,defect,34628,0.44
359,450,953,exploitation,28632,0.37
360,450,953,coop,13229,0.17
360,450,953,defect,36245,0.46
360,450,953,exploitation,28526,0.37
361,450,953,coop,13231,0.17
361,450,953,defect,37136,0.48
361,450,953,exploitation,27633,0.35
362,450,953,coop,12874,0.17
362,450,953,defect,36715,0.47
362,450,953,exploitation,28411,0.36
363,450,953,coop,12944,0.17
363,450,953,defect,37116,0.48
363,450,953,exploitation,27940,0.36
364,450,953,coop,12789,0.16
364,450,953,defect,36897,0.47
364,450,953,exploitation,28314,0.36
365,450,953,coop,14409,0.18
365,450,953,defect,34733,0.45
365,450,953,exploitation,28858,0.37
366,450,953,coop,14556,0.19
366,450,953,defect,34745,0.45
366,450,953,exploitation,28699,0.37
367,450,953,coop,14351,0.18
367,450,953,defect,35203,0.45
367,450,953,exploitation,28446,0.36
368,450,953,coop,13485,0.17
368,450,953,defect,36093,0.46
368,450,953,exploitation,28422,0.36
369,450,953,coop,13332,0.17
369,450,953,defect,35964,0.46
369,450,953,exploitation,28704,0.37
370,450,953,coop,13318,0.17
370,450,953,defect,36151,0.46
370,450,953,exploitation,28531,0.37
371,450,953,coop,15108,0.19
371,450,953,defect,33646,0.43
371,450,953,exploitation,29246,0.37
372,450,953,coop,14940,0.19
372,450,953,defect,33820,0.43
372,450,953,exploitation,29240,0.37
373,450,953,coop,14966,0.19
373,450,953,defect,33761,0.43
373,450,953,exploitation,29273,0.38
374,450,953,coop,16051,0.21
374,450,953,defect,32494,0.42
374,450,953,exploitation,29455,0.38
375,450,953,coop,14936,0.19
375,450,953,defect,33863,0.43
375,450,953,exploitation,29201,0.37
376,450,953,coop,15198,0.19
376,450,953,defect,32875,0.42
376,450,953,exploitation,29927,0.38
377,450,953,coop,16559,0.21
377,450,953,defect,31470,0.4
377,450,953,exploitation,29971,0.38
378,450,953,coop,17753,0.23
378,450,953,defect,30293,0.39
378,450,953,exploitation,29954,0.38
379,450,953,coop,18942,0.24
379,450,953,defect,28852,0.37
379,450,953,exploitation,30206,0.39
380,450,953,coop,19252,0.25
380,450,953,defect,28892,0.37
380,450,953,exploitation,29856,0.38
381,450,953,coop,20352,0.26
381,450,953,defect,27644,0.35
381,450,953,exploitation,30004,0.38
382,450,953,coop,21616,0.28
382,450,953,defect,26614,0.34
382,450,953,exploitation,29770,0.38
383,450,953,coop,21773,0.28
383,450,953,defect,26524,0.34
383,450,953,exploitation,29703,0.38
384,450,953,coop,21723,0.28
384,450,953,defect,26399,0.34
384,450,953,exploitation,29878,0.38
385,450,953,coop,21759,0.28
385,450,953,defect,26552,0.34
385,450,953,exploitation,29689,0.38
386,450,953,coop,21808,0.28
386,450,953,defect,26719,0.34
386,450,953,exploitation,29473,0.38
387,450,953,coop,23248,0.3
387,450,953,defect,24997,0.32
387,450,953,exploitation,29755,0.38
388,450,953,coop,22815,0.29
388,450,953,defect,25894,0.33
388,450,953,exploitation,29291,0.38
389,450,953,coop,24579,0.32
389,450,953,defect,23699,0.3
389,450,953,exploitation,29722,0.38
390,450,953,coop,23312,0.3
390,450,953,defect,25291,0.32
390,450,953,exploitation,29397,0.38
391,450,953,coop,21639,0.28
391,450,953,defect,26606,0.34
391,450,953,exploitation,29755,0.38
392,450,953,coop,21800,0.28
392,450,953,defect,26441,0.34
392,450,953,exploitation,29759,0.38
393,450,953,coop,21636,0.28
393,450,953,defect,26971,0.35
393,450,953,exploitation,29393,0.38
394,450,953,coop,22056,0.28
394,450,953,defect,26648,0.34
394,450,953,exploitation,29296,0.38
395,450,953,coop,23315,0.3
395,450,953,defect,25255,0.32
395,450,953,exploitation,29430,0.38
396,450,953,coop,21818,0.28
396,450,953,defect,26428,0.34
396,450,953,exploitation,29754,0.38
397,450,953,coop,23376,0.3
397,450,953,defect,25300,0.32
397,450,953,exploitation,29324,0.38
398,450,953,coop,24918,0.32
398,450,953,defect,23580,0.3
398,450,953,exploitation,29502,0.38
399,450,953,coop,26337,0.34
399,450,953,defect,22031,0.28
399,450,953,exploitation,29632,0.38
400,450,953,coop,28424,0.36
400,450,953,defect,20547,0.26
400,450,953,exploitation,29029,0.37
401,450,953,coop,30304,0.39
401,450,953,defect,18720,0.24
401,450,953,exploitation,28976,0.37
402,450,953,coop,30352,0.39
402,450,953,defect,18775,0.24
402,450,953,exploitation,28873,0.37
403,450,953,coop,30554,0.39
403,450,953,defect,18523,0.24
403,450,953,exploitation,28923,0.37
404,450,953,coop,30189,0.39
404,450,953,defect,18998,0.24
404,450,953,exploitation,28813,0.37
405,450,953,coop,30080,0.39
405,450,953,defect,19220,0.25
405,450,953,exploitation,28700,0.37
406,450,953,coop,31376,0.4
406,450,953,defect,17766,0.23
406,450,953,exploitation,28858,0.37
407,450,953,coop,31941,0.41
407,450,953,defect,17790,0.23
407,450,953,exploitation,28269,0.36
408,450,953,coop,31743,0.41
408,450,953,defect,17621,0.23
408,450,953,exploitation,28636,0.37
409,450,953,coop,31084,0.4
409,450,953,defect,18100,0.23
409,450,953,exploitation,28816,0.37
410,450,953,coop,31765,0.41
410,450,953,defect,17436,0.22
410,450,953,exploitation,28799,0.37
411,450,953,coop,33800,0.43
411,450,953,defect,15695,0.2
411,450,953,exploitation,28505,0.37
412,450,953,coop,32091,0.41
412,450,953,defect,17229,0.22
412,450,953,exploitation,28680,0.37
413,450,953,coop,32237,0.41
413,450,953,defect,17132,0.22
413,450,953,exploitation,28631,0.37
414,450,953,coop,31777,0.41
414,450,953,defect,17188,0.22
414,450,953,exploitation,29035,0.37
415,450,953,coop,32705,0.42
415,450,953,defect,16804,0.22
415,450,953,exploitation,28491,0.37
416,450,953,coop,32507,0.42
416,450,953,defect,16768,0.21
416,450,953,exploitation,28725,0.37
417,450,953,coop,33012,0.42
417,450,953,defect,16162,0.21
417,450,953,exploitation,28826,0.37
418,450,953,coop,35376,0.45
418,450,953,defect,14628,0.19
418,450,953,exploitation,27996,0.36
419,450,953,coop,34388,0.44
419,450,953,defect,14991,0.19
419,450,953,exploitation,28621,0.37
420,450,953,coop,32622,0.42
420,450,953,defect,16765,0.21
420,450,953,exploitation,28613,0.37
421,450,953,coop,34494,0.44
421,450,953,defect,15415,0.2
421,450,953,exploitation,28091,0.36
422,450,953,coop,36154,0.46
422,450,953,defect,13832,0.18
422,450,953,exploitation,28014,0.36
423,450,953,coop,36502,0.47
423,450,953,defect,13960,0.18
423,450,953,exploitation,27538,0.35
424,450,953,coop,35823,0.46
424,450,953,defect,14101,0.18
424,450,953,exploitation,28076,0.36
425,450,953,coop,36054,0.46
425,450,953,defect,14035,0.18
425,450,953,exploitation,27911,0.36
426,450,953,coop,33995,0.44
426,450,953,defect,15601,0.2
426,450,953,exploitation,28404,0.36
427,450,953,coop,34128,0.44
427,450,953,defect,15611,0.2
427,450,953,exploitation,28261,0.36
428,450,953,coop,33647,0.43
428,450,953,defect,16086,0.21
428,450,953,exploitation,28267,0.36
429,450,953,coop,32286,0.41
429,450,953,defect,17197,0.22
429,450,953,exploitation,28517,0.37
430,450,953,coop,32004,0.41
430,450,953,defect,17224,0.22
430,450,953,exploitation,28772,0.37
431,450,953,coop,30235,0.39
431,450,953,defect,18645,0.24
431,450,953,exploitation,29120,0.37
432,450,953,coop,30415,0.39
432,450,953,defect,18606,0.24
432,450,953,exploitation,28979,0.37
433,450,953,coop,30236,0.39
433,450,953,defect,18527,0.24
433,450,953,exploitation,29237,0.37
434,450,953,coop,30398,0.39
434,450,953,defect,18723,0.24
434,450,953,exploitation,28879,0.37
435,450,953,coop,32023,0.41
435,450,953,defect,17320,0.22
435,450,953,exploitation,28657,0.37
436,450,953,coop,29864,0.38
436,450,953,defect,19323,0.25
436,450,953,exploitation,28813,0.37
437,450,953,coop,29446,0.38
437,450,953,defect,19820,0.25
437,450,953,exploitation,28734,0.37
438,450,953,coop,29780,0.38
438,450,953,defect,19646,0.25
438,450,953,exploitation,28574,0.37
439,450,953,coop,29194,0.37
439,450,953,defect,19774,0.25
439,450,953,exploitation,29032,0.37
440,450,953,coop,27343,0.35
440,450,953,defect,22011,0.28
440,450,953,exploitation,28646,0.37
441,450,953,coop,27528,0.35
441,450,953,defect,21798,0.28
441,450,953,exploitation,28674,0.37
442,450,953,coop,27854,0.36
442,450,953,defect,21278,0.27
442,450,953,exploitation,28868,0.37
443,450,953,coop,27840,0.36
443,450,953,defect,21368,0.27
443,450,953,exploitation,28792,0.37
444,450,953,coop,27955,0.36
444,450,953,defect,20720,0.27
444,450,953,exploitation,29325,0.38
445,450,953,coop,28609,0.37
445,450,953,defect,20185,0.26
445,450,953,exploitation,29206,0.37
446,450,953,coop,30344,0.39
446,450,953,defect,18814,0.24
446,450,953,exploitation,28842,0.37
447,450,953,coop,29983,0.38
447,450,953,defect,19182,0.25
447,450,953,exploitation,28835,0.37
448,450,953,coop,29851,0.38
448,450,953,defect,19183,0.25
448,450,953,exploitation,28966,0.37
449,450,953,coop,29831,0.38
449,450,953,defect,19091,0.24
449,450,953,exploitation,29078,0.37
450,450,953,coop,32174,0.41
450,450,953,defect,17275,0.22
450,450,953,exploitation,28551,0.37
451,450,953,coop,32605,0.42
451,450,953,defect,16620,0.21
451,450,953,exploitation,28775,0.37
452,450,953,coop,33267,0.43
452,450,953,defect,16028,0.21
452,450,953,exploitation,28705,0.37
453,450,953,coop,33195,0.43
453,450,953,defect,15984,0.2
453,450,953,exploitation,28821,0.37
454,450,953,coop,33053,0.42
454,450,953,defect,16090,0.21
454,450,953,exploitation,28857,0.37
455,450,953,coop,30897,0.4
455,450,953,defect,17867,0.23
455,450,953,exploitation,29236,0.37
456,450,953,coop,30945,0.4
456,450,953,defect,17827,0.23
456,450,953,exploitation,29228,0.37
457,450,953,coop,31474,0.4
457,450,953,defect,17491,0.22
457,450,953,exploitation,29035,0.37
458,450,953,coop,31693,0.41
458,450,953,defect,17059,0.22
458,450,953,exploitation,29248,0.37
459,450,953,coop,29900,0.38
459,450,953,defect,18070,0.23
459,450,953,exploitation,30030,0.38
460,450,953,coop,31789,0.41
460,450,953,defect,16868,0.22
460,450,953,exploitation,29343,0.38
461,450,953,coop,31519,0.4
461,450,953,defect,17369,0.22
461,450,953,exploitation,29112,0.37
462,450,953,coop,31140,0.4
462,450,953,defect,17851,0.23
462,450,953,exploitation,29009,0.37
463,450,953,coop,31608,0.41
463,450,953,defect,17762,0.23
463,450,953,exploitation,28630,0.37
464,450,953,coop,30993,0.4
464,450,953,defect,17742,0.23
464,450,953,exploitation,29265,0.38
465,450,953,coop,30980,0.4
465,450,953,defect,17800,0.23
465,450,953,exploitation,29220,0.37
466,450,953,coop,30782,0.39
466,450,953,defect,18175,0.23
466,450,953,exploitation,29043,0.37
467,450,953,coop,28908,0.37
467,450,953,defect,19670,0.25
467,450,953,exploitation,29422,0.38
468,450,953,coop,27477,0.35
468,450,953,defect,20887,0.27
468,450,953,exploitation,29636,0.38
469,450,953,coop,26946,0.35
469,450,953,defect,21680,0.28
469,450,953,exploitation,29374,0.38
470,450,953,coop,26886,0.34
470,450,953,defect,21384,0.27
470,450,953,exploitation,29730,0.38
471,450,953,coop,26907,0.34
471,450,953,defect,21388,0.27
471,450,953,exploitation,29705,0.38
472,450,953,coop,25170,0.32
472,450,953,defect,23054,0.3
472,450,953,exploitation,29776,0.38
473,450,953,coop,25622,0.33
473,450,953,defect,22582,0.29
473,450,953,exploitation,29796,0.38
474,450,953,coop,25764,0.33
474,450,953,defect,22111,0.28
474,450,953,exploitation,30125,0.39
475,450,953,coop,24300,0.31
475,450,953,defect,24050,0.31
475,450,953,exploitation,29650,0.38
476,450,953,coop,24522,0.31
476,450,953,defect,23393,0.3
476,450,953,exploitation,30085,0.39
477,450,953,coop,25942,0.33
477,450,953,defect,21995,0.28
477,450,953,exploitation,30063,0.39
478,450,953,coop,27742,0.36
478,450,953,defect,20657,0.26
478,450,953,exploitation,29601,0.38
479,450,953,coop,27156,0.35
479,450,953,defect,21207,0.27
479,450,953,exploitation,29637,0.38
480,450,953,coop,25526,0.33
480,450,953,defect,22728,0.29
480,450,953,exploitation,29746,0.38
481,450,953,coop,25200,0.32
481,450,953,defect,23435,0.3
481,450,953,exploitation,29365,0.38
482,450,953,coop,22917,0.29
482,450,953,defect,25361,0.33
482,450,953,exploitation,29722,0.38
483,450,953,coop,21816,0.28
483,450,953,defect,26734,0.34
483,450,953,exploitation,29450,0.38
484,450,953,coop,20038,0.26
484,450,953,defect,28046,0.36
484,450,953,exploitation,29916,0.38
485,450,953,coop,20070,0.26
485,450,953,defect,28286,0.36
485,450,953,exploitation,29644,0.38
486,450,953,coop,18780,0.24
486,450,953,defect,29602,0.38
486,450,953,exploitation,29618,0.38
487,450,953,coop,18900,0.24
487,450,953,defect,29614,0.38
487,450,953,exploitation,29486,0.38
488,450,953,coop,19024,0.24
488,450,953,defect,29027,0.37
488,450,953,exploitation,29949,0.38
489,450,953,coop,19340,0.25
489,450,953,defect,28921,0.37
489,450,953,exploitation,29739,0.38
490,450,953,coop,20335,0.26
490,450,953,defect,27595,0.35
490,450,953,exploitation,30070,0.39
491,450,953,coop,18994,0.24
491,450,953,defect,28898,0.37
491,450,953,exploitation,30108,0.39
492,450,953,coop,20648,0.26
492,450,953,defect,27443,0.35
492,450,953,exploitation,29909,0.38
493,450,953,coop,18382,0.24
493,450,953,defect,29585,0.38
493,450,953,exploitation,30033,0.39
494,450,953,coop,20145,0.26
494,450,953,defect,28053,0.36
494,450,953,exploitation,29802,0.38
495,450,953,coop,20339,0.26
495,450,953,defect,28400,0.36
495,450,953,exploitation,29261,0.38
496,450,953,coop,20217,0.26
496,450,953,defect,28232,0.36
496,450,953,exploitation,29551,0.38
497,450,953,coop,18626,0.24
497,450,953,defect,29578,0.38
497,450,953,exploitation,29796,0.38
498,450,953,coop,18555,0.24
498,450,953,defect,29704,0.38
498,450,953,exploitation,29741,0.38
499,450,953,coop,18494,0.24
499,450,953,defect,30522,0.39
499,450,953,exploitation,28984,0.37
500,450,953,coop,16924,0.22
500,450,953,defect,31835,0.41
500,450,953,exploitation,29241,0.37
501,450,953,coop,18939,0.24
501,450,953,defect,29731,0.38
501,450,953,exploitation,29330,0.38
502,450,953,coop,20674,0.27
502,450,953,defect,27460,0.35
502,450,953,exploitation,29866,0.38
503,450,953,coop,19141,0.25
503,450,953,defect,29094,0.37
503,450,953,exploitation,29765,0.38
504,450,953,coop,18782,0.24
504,450,953,defect,29576,0.38
504,450,953,exploitation,29642,0.38
505,450,953,coop,18742,0.24
505,450,953,defect,29696,0.38
505,450,953,exploitation,29562,0.38
506,450,953,coop,18596,0.24
506,450,953,defect,29676,0.38
506,450,953,exploitation,29728,0.38
507,450,953,coop,18615,0.24
507,450,953,defect,29676,0.38
507,450,953,exploitation,29709,0.38
508,450,953,coop,18701,0.24
508,450,953,defect,29740,0.38
508,450,953,exploitation,29559,0.38
509,450,953,coop,17409,0.22
509,450,953,defect,30485,0.39
509,450,953,exploitation,30106,0.39
510,450,953,coop,19074,0.24
510,450,953,defect,29176,0.37
510,450,953,exploitation,29750,0.38
511,450,953,coop,18859,0.24
511,450,953,defect,29894,0.38
511,450,953,exploitation,29247,0.37
512,450,953,coop,18491,0.24
512,450,953,defect,29882,0.38
512,450,953,exploitation,29627,0.38
513,450,953,coop,17132,0.22
513,450,953,defect,31570,0.4
513,450,953,exploitation,29298,0.38
514,450,953,coop,16098,0.21
514,450,953,defect,32842,0.42
514,450,953,exploitation,29060,0.37
515,450,953,coop,15741,0.2
515,450,953,defect,33542,0.43
515,450,953,exploitation,28717,0.37
516,450,953,coop,14388,0.18
516,450,953,defect,35022,0.45
516,450,953,exploitation,28590,0.37
517,450,953,coop,13034,0.17
517,450,953,defect,36613,0.47
517,450,953,exploitation,28353,0.36
518,450,953,coop,12721,0.16
518,450,953,defect,38086,0.49
518,450,953,exploitation,27193,0.35
519,450,953,coop,11552,0.15
519,450,953,defect,39405,0.51
519,450,953,exploitation,27043,0.35
520,450,953,coop,11398,0.15
520,450,953,defect,39415,0.51
520,450,953,exploitation,27187,0.35
521,450,953,coop,12549,0.16
521,450,953,defect,38155,0.49
521,450,953,exploitation,27296,0.35
522,450,953,coop,13619,0.17
522,450,953,defect,36995,0.47
522,450,953,exploitation,27386,0.35
523,450,953,coop,12310,0.16
523,450,953,defect,38504,0.49
523,450,953,exploitation,27186,0.35
524,450,953,coop,13978,0.18
524,450,953,defect,36093,0.46
524,450,953,exploitation,27929,0.36
525,450,953,coop,12325,0.16
525,450,953,defect,38469,0.49
525,450,953,exploitation,27206,0.35
526,450,953,coop,12451,0.16
526,450,953,defect,38546,0.49
526,450,953,exploitation,27003,0.35
527,450,953,coop,12365,0.16
527,450,953,defect,38343,0.49
527,450,953,exploitation,27292,0.35
528,450,953,coop,12505,0.16
528,450,953,defect,38405,0.49
528,450,953,exploitation,27090,0.35
529,450,953,coop,12351,0.16
529,450,953,defect,38488,0.49
529,450,953,exploitation,27161,0.35
530,450,953,coop,12192,0.16
530,450,953,defect,38685,0.5
530,450,953,exploitation,27123,0.35
531,450,953,coop,12685,0.16
531,450,953,defect,37987,0.49
531,450,953,exploitation,27328,0.35
532,450,953,coop,12348,0.16
532,450,953,defect,37889,0.49
532,450,953,exploitation,27763,0.36
533,450,953,coop,11884,0.15
533,450,953,defect,38779,0.5
533,450,953,exploitation,27337,0.35
534,450,953,coop,12712,0.16
534,450,953,defect,37456,0.48
534,450,953,exploitation,27832,0.36
535,450,953,coop,11647,0.15
535,450,953,defect,38925,0.5
535,450,953,exploitation,27428,0.35
536,450,953,coop,11914,0.15
536,450,953,defect,38841,0.5
536,450,953,exploitation,27245,0.35
537,450,953,coop,12943,0.17
537,450,953,defect,37201,0.48
537,450,953,exploitation,27856,0.36
538,450,953,coop,13832,0.18
538,450,953,defect,36169,0.46
538,450,953,exploitation,27999,0.36
539,450,953,coop,13882,0.18
539,450,953,defect,36134,0.46
539,450,953,exploitation,27984,0.36
540,450,953,coop,13962,0.18
540,450,953,defect,36021,0.46
540,450,953,exploitation,28017,0.36
541,450,953,coop,14057,0.18
541,450,953,defect,35936,0.46
541,450,953,exploitation,28007,0.36
542,450,953,coop,15638,0.2
542,450,953,defect,33585,0.43
542,450,953,exploitation,28777,0.37
543,450,953,coop,14522,0.19
543,450,953,defect,34936,0.45
543,450,953,exploitation,28542,0.37
544,450,953,coop,14428,0.18
544,450,953,defect,35189,0.45
544,450,953,exploitation,28383,0.36
545,450,953,coop,14399,0.18
545,450,953,defect,35169,0.45
545,450,953,exploitation,28432,0.36
546,450,953,coop,15974,0.2
546,450,953,defect,32863,0.42
546,450,953,exploitation,29163,0.37
547,450,953,coop,15897,0.2
547,450,953,defect,32834,0.42
547,450,953,exploitation,29269,0.38
548,450,953,coop,17298,0.22
548,450,953,defect,31500,0.4
548,450,953,exploitation,29202,0.37
549,450,953,coop,16961,0.22
549,450,953,defect,32283,0.41
549,450,953,exploitation,28756,0.37
550,450,953,coop,16989,0.22
550,450,953,defect,32285,0.41
550,450,953,exploitation,28726,0.37
551,450,953,coop,17047,0.22
551,450,953,defect,32315,0.41
551,450,953,exploitation,28638,0.37
552,450,953,coop,16909,0.22
552,450,953,defect,32303,0.41
552,450,953,exploitation,28788,0.37
553,450,953,coop,16734,0.21
553,450,953,defect,32473,0.42
553,450,953,exploitation,28793,0.37
554,450,953,coop,17056,0.22
554,450,953,defect,32022,0.41
554,450,953,exploitation,28922,0.37
555,450,953,coop,15623,0.2
555,450,953,defect,33714,0.43
555,450,953,exploitation,28663,0.37
556,450,953,coop,16908,0.22
556,450,953,defect,32336,0.41
556,450,953,exploitation,28756,0.37
557,450,953,coop,16819,0.22
557,450,953,defect,32007,0.41
557,450,953,exploitation,29174,0.37
558,450,953,coop,15535,0.2
558,450,953,defect,33572,0.43
558,450,953,exploitation,28893,0.37
559,450,953,coop,15693,0.2
559,450,953,defect,33642,0.43
559,450,953,exploitation,28665,0.37
560,450,953,coop,17063,0.22
560,450,953,defect,32379,0.42
560,450,953,exploitation,28558,0.37
561,450,953,coop,17011,0.22
561,450,953,defect,32256,0.41
561,450,953,exploitation,28733,0.37
562,450,953,coop,16484,0.21
562,450,953,defect,33138,0.42
562,450,953,exploitation,28378,0.36
563,450,953,coop,16665,0.21
563,450,953,defect,33015,0.42
563,450,953,exploitation,28320,0.36
564,450,953,coop,16485,0.21
564,450,953,defect,32947,0.42
564,450,953,exploitation,28568,0.37
565,450,953,coop,16725,0.21
565,450,953,defect,33088,0.42
565,450,953,exploitation,28187,0.36
566,450,953,coop,15329,0.2
566,450,953,defect,34616,0.44
566,450,953,exploitation,28055,0.36
567,450,953,coop,14113,0.18
567,450,953,defect,36045,0.46
567,450,953,exploitation,27842,0.36
568,450,953,coop,15293,0.2
568,450,953,defect,34445,0.44
568,450,953,exploitation,28262,0.36
569,450,953,coop,15233,0.2
569,450,953,defect,34404,0.44
569,450,953,exploitation,28363,0.36
570,450,953,coop,15105,0.19
570,450,953,defect,34577,0.44
570,450,953,exploitation,28318,0.36
571,450,953,coop,15369,0.2
571,450,953,defect,34458,0.44
571,450,953,exploitation,28173,0.36
572,450,953,coop,16658,0.21
572,450,953,defect,33289,0.43
572,450,953,exploitation,28053,0.36
573,450,953,coop,16733,0.21
573,450,953,defect,32972,0.42
573,450,953,exploitation,28295,0.36
574,450,953,coop,16673,0.21
574,450,953,defect,33169,0.43
574,450,953,exploitation,28158,0.36
575,450,953,coop,17934,0.23
575,450,953,defect,31559,0.4
575,450,953,exploitation,28507,0.37
576,450,953,coop,16503,0.21
576,450,953,defect,32993,0.42
576,450,953,exploitation,28504,0.37
577,450,953,coop,16549,0.21
577,450,953,defect,33113,0.42
577,450,953,exploitation,28338,0.36
578,450,953,coop,15322,0.2
578,450,953,defect,34659,0.44
578,450,953,exploitation,28019,0.36
579,450,953,coop,15345,0.2
579,450,953,defect,34734,0.45
579,450,953,exploitation,27921,0.36
580,450,953,coop,15090,0.19
580,450,953,defect,34786,0.45
580,450,953,exploitation,28124,0.36
581,450,953,coop,16406,0.21
581,450,953,defect,33167,0.43
581,450,953,exploitation,28427,0.36
582,450,953,coop,17804,0.23
582,450,953,defect,31655,0.41
582,450,953,exploitation,28541,0.37
583,450,953,coop,18057,0.23
583,450,953,defect,31589,0.4
583,450,953,exploitation,28354,0.36
584,450,953,coop,17963,0.23
584,450,953,defect,31538,0.4
584,450,953,exploitation,28499,0.37
585,450,953,coop,16516,0.21
585,450,953,defect,33231,0.43
585,450,953,exploitation,28253,0.36
586,450,953,coop,15321,0.2
586,450,953,defect,34512,0.44
586,450,953,exploitation,28167,0.36
587,450,953,coop,15254,0.2
587,450,953,defect,34558,0.44
587,450,953,exploitation,28188,0.36
588,450,953,coop,16489,0.21
588,450,953,defect,33089,0.42
588,450,953,exploitation,28422,0.36
589,450,953,coop,16453,0.21
589,450,953,defect,33186,0.43
589,450,953,exploitation,28361,0.36
590,450,953,coop,16710,0.21
590,450,953,defect,33027,0.42
590,450,953,exploitation,28263,0.36
591,450,953,coop,16678,0.21
591,450,953,defect,33028,0.42
591,450,953,exploitation,28294,0.36
592,450,953,coop,16533,0.21
592,450,953,defect,33065,0.42
592,450,953,exploitation,28402,0.36
593,450,953,coop,16554,0.21
593,450,953,defect,33130,0.42
593,450,953,exploitation,28316,0.36
594,450,953,coop,16650,0.21
594,450,953,defect,33177,0.43
594,450,953,exploitation,28173,0.36
595,450,953,coop,16565,0.21
595,450,953,defect,33124,0.42
595,450,953,exploitation,28311,0.36
596,450,953,coop,16687,0.21
596,450,953,defect,33168,0.43
596,450,953,exploitation,28145,0.36
597,450,953,coop,16732,0.21
597,450,953,defect,33139,0.42
597,450,953,exploitation,28129,0.36
598,450,953,coop,16340,0.21
598,450,953,defect,33160,0.43
598,450,953,exploitation,28500,0.37
599,450,953,coop,16520,0.21
599,450,953,defect,33194,0.43
599,450,953,exploitation,28286,0.36
600,450,953,coop,17672,0.23
600,450,953,defect,32094,0.41
600,450,953,exploitation,28234,0.36
601,450,953,coop,17488,0.22
601,450,953,defect,31812,0.41
601,450,953,exploitation,28700,0.37
602,450,953,coop,18394,0.24
602,450,953,defect,31079,0.4
602,450,953,exploitation,28527,0.37
603,450,953,coop,18429,0.24
603,450,953,defect,31426,0.4
603,450,953,exploitation,28145,0.36
604,450,953,coop,18263,0.23
604,450,953,defect,31397,0.4
604,450,953,exploitation,28340,0.36
605,450,953,coop,17243,0.22
605,450,953,defect,32872,0.42
605,450,953,exploitation,27885,0.36
606,450,953,coop,15842,0.2
606,450,953,defect,34634,0.44
606,450,953,exploitation,27524,0.35
607,450,953,coop,15479,0.2
607,450,953,defect,34925,0.45
607,450,953,exploitation,27596,0.35
608,450,953,coop,14255,0.18
608,450,953,defect,36807,0.47
608,450,953,exploitation,26938,0.35
609,450,953,coop,15459,0.2
609,450,953,defect,34774,0.45
609,450,953,exploitation,27767,0.36
610,450,953,coop,14196,0.18
610,450,953,defect,36548,0.47
610,450,953,exploitation,27256,0.35
611,450,953,coop,14347,0.18
611,450,953,defect,36304,0.47
611,450,953,exploitation,27349,0.35
612,450,953,coop,13622,0.17
612,450,953,defect,37377,0.48
612,450,953,exploitation,27001,0.35
613,450,953,coop,13785,0.18
613,450,953,defect,37583,0.48
613,450,953,exploitation,26632,0.34
614,450,953,coop,14003,0.18
614,450,953,defect,37037,0.47
614,450,953,exploitation,26960,0.35
615,450,953,coop,14094,0.18
615,450,953,defect,36755,0.47
615,450,953,exploitation,27151,0.35
616,450,953,coop,13708,0.18
616,450,953,defect,37357,0.48
616,450,953,exploitation,26935,0.35
617,450,953,coop,12617,0.16
617,450,953,defect,38968,0.5
617,450,953,exploitation,26415,0.34
618,450,953,coop,12495,0.16
618,450,953,defect,39101,0.5
618,450,953,exploitation,26404,0.34
619,450,953,coop,12607,0.16
619,450,953,defect,39386,0.5
619,450,953,exploitation,26007,0.33
620,450,953,coop,12233,0.16
620,450,953,defect,39809,0.51
620,450,953,exploitation,25958,0.33
621,450,953,coop,12542,0.16
621,450,953,defect,39062,0.5
621,450,953,exploitation,26396,0.34
622,450,953,coop,12431,0.16
622,450,953,defect,38880,0.5
622,450,953,exploitation,26689,0.34
623,450,953,coop,12512,0.16
623,450,953,defect,39195,0.5
623,450,953,exploitation,26293,0.34
624,450,953,coop,12522,0.16
624,450,953,defect,39164,0.5
624,450,953,exploitation,26314,0.34
625,450,953,coop,12666,0.16
625,450,953,defect,38981,0.5
625,450,953,exploitation,26353,0.34
626,450,953,coop,12576,0.16
626,450,953,defect,38965,0.5
626,450,953,exploitation,26459,0.34
627,450,953,coop,12810,0.16
627,450,953,defect,38037,0.49
627,450,953,exploitation,27153,0.35
628,450,953,coop,13001,0.17
628,450,953,defect,38082,0.49
628,450,953,exploitation,26917,0.35
629,450,953,coop,12959,0.17
629,450,953,defect,38226,0.49
629,450,953,exploitation,26815,0.34
630,450,953,coop,14144,0.18
630,450,953,defect,36470,0.47
630,450,953,exploitation,27386,0.35
631,450,953,coop,14387,0.18
631,450,953,defect,36264,0.46
631,450,953,exploitation,27349,0.35
632,450,953,coop,14204,0.18
632,450,953,defect,36385,0.47
632,450,953,exploitation,27411,0.35
633,450,953,coop,14048,0.18
633,450,953,defect,37064,0.48
633,450,953,exploitation,26888,0.34
634,450,953,coop,15069,0.19
634,450,953,defect,35481,0.45
634,450,953,exploitation,27450,0.35
635,450,953,coop,13764,0.18
635,450,953,defect,37110,0.48
635,450,953,exploitation,27126,0.35
636,450,953,coop,13963,0.18
636,450,953,defect,37031,0.47
636,450,953,exploitation,27006,0.35
637,450,953,coop,12713,0.16
637,450,953,defect,38644,0.5
637,450,953,exploitation,26643,0.34
638,450,953,coop,13827,0.18
638,450,953,defect,37153,0.48
638,450,953,exploitation,27020,0.35
639,450,953,coop,13959,0.18
639,450,953,defect,37018,0.47
639,450,953,exploitation,27023,0.35
640,450,953,coop,14181,0.18
640,450,953,defect,36985,0.47
640,450,953,exploitation,26834,0.34
641,450,953,coop,12701,0.16
641,450,953,defect,38647,0.5
641,450,953,exploitation,26652,0.34
642,450,953,coop,11379,0.15
642,450,953,defect,40290,0.52
642,450,953,exploitation,26331,0.34
643,450,953,coop,12443,0.16
643,450,953,defect,38619,0.5
643,450,953,exploitation,26938,0.35
644,450,953,coop,11634,0.15
644,450,953,defect,40395,0.52
644,450,953,exploitation,25971,0.33
645,450,953,coop,11531,0.15
645,450,953,defect,40205,0.52
645,450,953,exploitation,26264,0.34
646,450,953,coop,12266,0.16
646,450,953,defect,38801,0.5
646,450,953,exploitation,26933,0.35
647,450,953,coop,13755,0.18
647,450,953,defect,37249,0.48
647,450,953,exploitation,26996,0.35
648,450,953,coop,13218,0.17
648,450,953,defect,38070,0.49
648,450,953,exploitation,26712,0.34
649,450,953,coop,12082,0.15
649,450,953,defect,39425,0.51
649,450,953,exploitation,26493,0.34
650,450,953,coop,12987,0.17
650,450,953,defect,38097,0.49
650,450,953,exploitation,26916,0.35
651,450,953,coop,14138,0.18
651,450,953,defect,36742,0.47
651,450,953,exploitation,27120,0.35
652,450,953,coop,14224,0.18
652,450,953,defect,36362,0.47
652,450,953,exploitation,27414,0.35
653,450,953,coop,14113,0.18
653,450,953,defect,36643,0.47
653,450,953,exploitation,27244,0.35
654,450,953,coop,14206,0.18
654,450,953,defect,36468,0.47
654,450,953,exploitation,27326,0.35
655,450,953,coop,14156,0.18
655,450,953,defect,36437,0.47
655,450,953,exploitation,27407,0.35
656,450,953,coop,13050,0.17
656,450,953,defect,37849,0.49
656,450,953,exploitation,27101,0.35
657,450,953,coop,13714,0.18
657,450,953,defect,36668,0.47
657,450,953,exploitation,27618,0.35
658,450,953,coop,12385,0.16
658,450,953,defect,38116,0.49
658,450,953,exploitation,27499,0.35
659,450,953,coop,13692,0.18
659,450,953,defect,36540,0.47
659,450,953,exploitation,27768,0.36
660,450,953,coop,12495,0.16
660,450,953,defect,38269,0.49
660,450,953,exploitation,27236,0.35
661,450,953,coop,12422,0.16
661,450,953,defect,37961,0.49
661,450,953,exploitation,27617,0.35
662,450,953,coop,12616,0.16
662,450,953,defect,38081,0.49
662,450,953,exploitation,27303,0.35
663,450,953,coop,12383,0.16
663,450,953,defect,38233,0.49
663,450,953,exploitation,27384,0.35
664,450,953,coop,12536,0.16
664,450,953,defect,38275,0.49
664,450,953,exploitation,27189,0.35
665,450,953,coop,11176,0.14
665,450,953,defect,39719,0.51
665,450,953,exploitation,27105,0.35
666,450,953,coop,12272,0.16
666,450,953,defect,37894,0.49
666,450,953,exploitation,27834,0.36
667,450,953,coop,13884,0.18
667,450,953,defect,36753,0.47
667,450,953,exploitation,27363,0.35
668,450,953,coop,12555,0.16
668,450,953,defect,38165,0.49
668,450,953,exploitation,27280,0.35
669,450,953,coop,11376,0.15
669,450,953,defect,39409,0.51
669,450,953,exploitation,27215,0.35
670,450,953,coop,11663,0.15
670,450,953,defect,39499,0.51
670,450,953,exploitation,26838,0.34
671,450,953,coop,12360,0.16
671,450,953,defect,38804,0.5
671,450,953,exploitation,26836,0.34
672,450,953,coop,11054,0.14
672,450,953,defect,40079,0.51
672,450,953,exploitation,26867,0.34
673,450,953,coop,10337,0.13
673,450,953,defect,41203,0.53
673,450,953,exploitation,26460,0.34
674,450,953,coop,10188,0.13
674,450,953,defect,41023,0.53
674,450,953,exploitation,26789,0.34
675,450,953,coop,9409,0.12
675,450,953,defect,42291,0.54
675,450,953,exploitation,26300,0.34
676,450,953,coop,9069,0.12
676,450,953,defect,42965,0.55
676,450,953,exploitation,25966,0.33
677,450,953,coop,9421,0.12
677,450,953,defect,42443,0.54
677,450,953,exploitation,26136,0.34
678,450,953,coop,10333,0.13
678,450,953,defect,40988,0.53
678,450,953,exploitation,26679,0.34
679,450,953,coop,10362,0.13
679,450,953,defect,41000,0.53
679,450,953,exploitation,26638,0.34
680,450,953,coop,10408,0.13
680,450,953,defect,40996,0.53
680,450,953,exploitation,26596,0.34
681,450,953,coop,10486,0.13
681,450,953,defect,40682,0.52
681,450,953,exploitation,26832,0.34
682,450,953,coop,10352,0.13
682,450,953,defect,40952,0.53
682,450,953,exploitation,26696,0.34
683,450,953,coop,11620,0.15
683,450,953,defect,39572,0.51
683,450,953,exploitation,26808,0.34
684,450,953,coop,11540,0.15
684,450,953,defect,39462,0.51
684,450,953,exploitation,26998,0.35
685,450,953,coop,11483,0.15
685,450,953,defect,39381,0.5
685,450,953,exploitation,27136,0.35
686,450,953,coop,10211,0.13
686,450,953,defect,41193,0.53
686,450,953,exploitation,26596,0.34
687,450,953,coop,10258,0.13
687,450,953,defect,41312,0.53
687,450,953,exploitation,26430,0.34
688,450,953,coop,10634,0.14
688,450,953,defect,40355,0.52
688,450,953,exploitation,27011,0.35
689,450,953,coop,11485,0.15
689,450,953,defect,39263,0.5
689,450,953,exploitation,27252,0.35
690,450,953,coop,10436,0.13
690,450,953,defect,40329,0.52
690,450,953,exploitation,27235,0.35
691,450,953,coop,11470,0.15
691,450,953,defect,39021,0.5
691,450,953,exploitation,27509,0.35
692,450,953,coop,11495,0.15
692,450,953,defect,38790,0.5
692,450,953,exploitation,27715,0.36
693,450,953,coop,11636,0.15
693,450,953,defect,38896,0.5
693,450,953,exploitation,27468,0.35
694,450,953,coop,11692,0.15
694,450,953,defect,38982,0.5
694,450,953,exploitation,27326,0.35
695,450,953,coop,11476,0.15
695,450,953,defect,39082,0.5
695,450,953,exploitation,27442,0.35
696,450,953,coop,11835,0.15
696,450,953,defect,38752,0.5
696,450,953,exploitation,27413,0.35
697,450,953,coop,10563,0.14
697,450,953,defect,40143,0.51
697,450,953,exploitation,27294,0.35
698,450,953,coop,10519,0.13
698,450,953,defect,40227,0.52
698,450,953,exploitation,27254,0.35
699,450,953,coop,9616,0.12
699,450,953,defect,41780,0.54
699,450,953,exploitation,26604,0.34
700,450,953,coop,9597,0.12
700,450,953,defect,42034,0.54
700,450,953,exploitation,26369,0.34
701,450,953,coop,8773,0.11
701,450,953,defect,43040,0.55
701,450,953,exploitation,26187,0.34
702,450,953,coop,8888,0.11
702,450,953,defect,42076,0.54
702,450,953,exploitation,27036,0.35
703,450,953,coop,8279,0.11
703,450,953,defect,42924,0.55
703,450,953,exploitation,26797,0.34
704,450,953,coop,8987,0.12
704,450,953,defect,41316,0.53
704,450,953,exploitation,27697,0.36
705,450,953,coop,9980,0.13
705,450,953,defect,40381,0.52
705,450,953,exploitation,27639,0.35
706,450,953,coop,8831,0.11
706,450,953,defect,42619,0.55
706,450,953,exploitation,26550,0.34
707,450,953,coop,8874,0.11
707,450,953,defect,42661,0.55
707,450,953,exploitation,26465,0.34
708,450,953,coop,9927,0.13
708,450,953,defect,41206,0.53
708,450,953,exploitation,26867,0.34
709,450,953,coop,9927,0.13
709,450,953,defect,40779,0.52
709,450,953,exploitation,27294,0.35
710,450,953,coop,10020,0.13
710,450,953,defect,40683,0.52
710,450,953,exploitation,27297,0.35
711,450,953,coop,10355,0.13
711,450,953,defect,39431,0.51
711,450,953,exploitation,28214,0.36
712,450,953,coop,11219,0.14
712,450,953,defect,38501,0.49
712,450,953,exploitation,28280,0.36
713,450,953,coop,10203,0.13
713,450,953,defect,39715,0.51
713,450,953,exploitation,28082,0.36
714,450,953,coop,10186,0.13
714,450,953,defect,39611,0.51
714,450,953,exploitation,28203,0.36
715,450,953,coop,10187,0.13
715,450,953,defect,39536,0.51
715,450,953,exploitation,28277,0.36
716,450,953,coop,11195,0.14
716,450,953,defect,38321,0.49
716,450,953,exploitation,28484,0.37
717,450,953,coop,12126,0.16
717,450,953,defect,37489,0.48
717,450,953,exploitation,28385,0.36
718,450,953,coop,13283,0.17
718,450,953,defect,35905,0.46
718,450,953,exploitation,28812,0.37
719,450,953,coop,14816,0.19
719,450,953,defect,34587,0.44
719,450,953,exploitation,28597,0.37
720,450,953,coop,15602,0.2
720,450,953,defect,33777,0.43
720,450,953,exploitation,28621,0.37
721,450,953,coop,15497,0.2
721,450,953,defect,33814,0.43
721,450,953,exploitation,28689,0.37
722,450,953,coop,14459,0.19
722,450,953,defect,35258,0.45
722,450,953,exploitation,28283,0.36
723,450,953,coop,14351,0.18
723,450,953,defect,35096,0.45
723,450,953,exploitation,28553,0.37
724,450,953,coop,13188,0.17
724,450,953,defect,36601,0.47
724,450,953,exploitation,28211,0.36
725,450,953,coop,12063,0.15
725,450,953,defect,38146,0.49
725,450,953,exploitation,27791,0.36
726,450,953,coop,11855,0.15
726,450,953,defect,37946,0.49
726,450,953,exploitation,28199,0.36
727,450,953,coop,11916,0.15
727,450,953,defect,37927,0.49
727,450,953,exploitation,28157,0.36
728,450,953,coop,10926,0.14
728,450,953,defect,39369,0.5
728,450,953,exploitation,27705,0.36
729,450,953,coop,11991,0.15
729,450,953,defect,37946,0.49
729,450,953,exploitation,28063,0.36
730,450,953,coop,13423,0.17
730,450,953,defect,35736,0.46
730,450,953,exploitation,28841,0.37
731,450,953,coop,13518,0.17
731,450,953,defect,35576,0.46
731,450,953,exploitation,28906,0.37
732,450,953,coop,14921,0.19
732,450,953,defect,33550,0.43
732,450,953,exploitation,29529,0.38
733,450,953,coop,13334,0.17
733,450,953,defect,35585,0.46
733,450,953,exploitation,29081,0.37
734,450,953,coop,13494,0.17
734,450,953,defect,35561,0.46
734,450,953,exploitation,28945,0.37
735,450,953,coop,13479,0.17
735,450,953,defect,35846,0.46
735,450,953,exploitation,28675,0.37
736,450,953,coop,13451,0.17
736,450,953,defect,35666,0.46
736,450,953,exploitation,28883,0.37
737,450,953,coop,13300,0.17
737,450,953,defect,35680,0.46
737,450,953,exploitation,29020,0.37
738,450,953,coop,14863,0.19
738,450,953,defect,34401,0.44
738,450,953,exploitation,28736,0.37
739,450,953,coop,15495,0.2
739,450,953,defect,33358,0.43
739,450,953,exploitation,29147,0.37
740,450,953,coop,14405,0.18
740,450,953,defect,34885,0.45
740,450,953,exploitation,28710,0.37
741,450,953,coop,15820,0.2
741,450,953,defect,33256,0.43
741,450,953,exploitation,28924,0.37
742,450,953,coop,14290,0.18
742,450,953,defect,35051,0.45
742,450,953,exploitation,28659,0.37
743,450,953,coop,15581,0.2
743,450,953,defect,33416,0.43
743,450,953,exploitation,29003,0.37
744,450,953,coop,16810,0.22
744,450,953,defect,31986,0.41
744,450,953,exploitation,29204,0.37
745,450,953,coop,17883,0.23
745,450,953,defect,30970,0.4
745,450,953,exploitation,29147,0.37
746,450,953,coop,17671,0.23
746,450,953,defect,31138,0.4
746,450,953,exploitation,29191,0.37
747,450,953,coop,17507,0.22
747,450,953,defect,31605,0.41
747,450,953,exploitation,28888,0.37
748,450,953,coop,19355,0.25
748,450,953,defect,29136,0.37
748,450,953,exploitation,29509,0.38
749,450,953,coop,18245,0.23
749,450,953,defect,30556,0.39
749,450,953,exploitation,29199,0.37
750,450,953,coop,17894,0.23
750,450,953,defect,30889,0.4
750,450,953,exploitation,29217,0.37
751,450,953,coop,19471,0.25
751,450,953,defect,29134,0.37
751,450,953,exploitation,29395,0.38
752,450,953,coop,19676,0.25
752,450,953,defect,29212,0.37
752,450,953,exploitation,29112,0.37
753,450,953,coop,20582,0.26
753,450,953,defect,28001,0.36
753,450,953,exploitation,29417,0.38
754,450,953,coop,22501,0.29
754,450,953,defect,26038,0.33
754,450,953,exploitation,29461,0.38
755,450,953,coop,21147,0.27
755,450,953,defect,27182,0.35
755,450,953,exploitation,29671,0.38
756,450,953,coop,22784,0.29
756,450,953,defect,25978,0.33
756,450,953,exploitation,29238,0.37
757,450,953,coop,21109,0.27
757,450,953,defect,27531,0.35
757,450,953,exploitation,29360,0.38
758,450,953,coop,19786,0.25
758,450,953,defect,28897,0.37
758,450,953,exploitation,29317,0.38
759,450,953,coop,18300,0.23
759,450,953,defect,30286,0.39
759,450,953,exploitation,29414,0.38
760,450,953,coop,19679,0.25
760,450,953,defect,28827,0.37
760,450,953,exploitation,29494,0.38
761,450,953,coop,19793,0.25
761,450,953,defect,28821,0.37
761,450,953,exploitation,29386,0.38
762,450,953,coop,18176,0.23
762,450,953,defect,30462,0.39
762,450,953,exploitation,29362,0.38
763,450,953,coop,18794,0.24
763,450,953,defect,29736,0.38
763,450,953,exploitation,29470,0.38
764,450,953,coop,19025,0.24
764,450,953,defect,28948,0.37
764,450,953,exploitation,30027,0.38
765,450,953,coop,17606,0.23
765,450,953,defect,30582,0.39
765,450,953,exploitation,29812,0.38
766,450,953,coop,17411,0.22
766,450,953,defect,30163,0.39
766,450,953,exploitation,30426,0.39
767,450,953,coop,17267,0.22
767,450,953,defect,30438,0.39
767,450,953,exploitation,30295,0.39
768,450,953,coop,19444,0.25
768,450,953,defect,28014,0.36
768,450,953,exploitation,30542,0.39
769,450,953,coop,19263,0.25
769,450,953,defect,28377,0.36
769,450,953,exploitation,30360,0.39
770,450,953,coop,20690,0.27
770,450,953,defect,27217,0.35
770,450,953,exploitation,30093,0.39
771,450,953,coop,20897,0.27
771,450,953,defect,26468,0.34
771,450,953,exploitation,30635,0.39
772,450,953,coop,19636,0.25
772,450,953,defect,27213,0.35
772,450,953,exploitation,31151,0.4
773,450,953,coop,20072,0.26
773,450,953,defect,26436,0.34
773,450,953,exploitation,31492,0.4
774,450,953,coop,20032,0.26
774,450,953,defect,26910,0.34
774,450,953,exploitation,31058,0.4
775,450,953,coop,20206,0.26
775,450,953,defect,26666,0.34
775,450,953,exploitation,31128,0.4
776,450,953,coop,21023,0.27
776,450,953,defect,25805,0.33
776,450,953,exploitation,31172,0.4
777,450,953,coop,20524,0.26
777,450,953,defect,27214,0.35
777,450,953,exploitation,30262,0.39
778,450,953,coop,20318,0.26
778,450,953,defect,27362,0.35
778,450,953,exploitation,30320,0.39
779,450,953,coop,18903,0.24
779,450,953,defect,28836,0.37
779,450,953,exploitation,30261,0.39
780,450,953,coop,17846,0.23
780,450,953,defect,29621,0.38
780,450,953,exploitation,30533,0.39
781,450,953,coop,19320,0.25
781,450,953,defect,28197,0.36
781,450,953,exploitation,30483,0.39
782,450,953,coop,19194,0.25
782,450,953,defect,28407,0.36
782,450,953,exploitation,30399,0.39
783,450,953,coop,20249,0.26
783,450,953,defect,27529,0.35
783,450,953,exploitation,30222,0.39
784,450,953,coop,20811,0.27
784,450,953,defect,26748,0.34
784,450,953,exploitation,30441,0.39
785,450,953,coop,20971,0.27
785,450,953,defect,26651,0.34
785,450,953,exploitation,30378,0.39
786,450,953,coop,20510,0.26
786,450,953,defect,26794,0.34
786,450,953,exploitation,30696,0.39
787,450,953,coop,20495,0.26
787,450,953,defect,26719,0.34
787,450,953,exploitation,30786,0.39
788,450,953,coop,20819,0.27
788,450,953,defect,26633,0.34
788,450,953,exploitation,30548,0.39
789,450,953,coop,22061,0.28
789,450,953,defect,25286,0.32
789,450,953,exploitation,30653,0.39
790,450,953,coop,22294,0.29
790,450,953,defect,25410,0.33
790,450,953,exploitation,30296,0.39
791,450,953,coop,21734,0.28
791,450,953,defect,25990,0.33
791,450,953,exploitation,30276,0.39
792,450,953,coop,22257,0.29
792,450,953,defect,25163,0.32
792,450,953,exploitation,30580,0.39
793,450,953,coop,22279,0.29
793,450,953,defect,25092,0.32
793,450,953,exploitation,30629,0.39
794,450,953,coop,22576,0.29
794,450,953,defect,24575,0.32
794,450,953,exploitation,30849,0.4
795,450,953,coop,24326,0.31
795,450,953,defect,22722,0.29
795,450,953,exploitation,30952,0.4
796,450,953,coop,24369,0.31
796,450,953,defect,22654,0.29
796,450,953,exploitation,30977,0.4
797,450,953,coop,25747,0.33
797,450,953,defect,21611,0.28
797,450,953,exploitation,30642,0.39
798,450,953,coop,24212,0.31
798,450,953,defect,23238,0.3
798,450,953,exploitation,30550,0.39
799,450,953,coop,24135,0.31
799,450,953,defect,23502,0.3
799,450,953,exploitation,30363,0.39
800,450,953,coop,24455,0.31
800,450,953,defect,22856,0.29
800,450,953,exploitation,30689,0.39
801,450,953,coop,22408,0.29
801,450,953,defect,24869,0.32
801,450,953,exploitation,30723,0.39
802,450,953,coop,22084,0.28
802,450,953,defect,25571,0.33
802,450,953,exploitation,30345,0.39
803,450,953,coop,22345,0.29
803,450,953,defect,25588,0.33
803,450,953,exploitation,30067,0.39
804,450,953,coop,22058,0.28
804,450,953,defect,25884,0.33
804,450,953,exploitation,30058,0.39
805,450,953,coop,20438,0.26
805,450,953,defect,27090,0.35
805,450,953,exploitation,30472,0.39
806,450,953,coop,19203,0.25
806,450,953,defect,28296,0.36
806,450,953,exploitation,30501,0.39
807,450,953,coop,20561,0.26
807,450,953,defect,26915,0.35
807,450,953,exploitation,30524,0.39
808,450,953,coop,20370,0.26
808,450,953,defect,27243,0.35
808,450,953,exploitation,30387,0.39
809,450,953,coop,22581,0.29
809,450,953,defect,25086,0.32
809,450,953,exploitation,30333,0.39
810,450,953,coop,22517,0.29
810,450,953,defect,24799,0.32
810,450,953,exploitation,30684,0.39
811,450,953,coop,22605,0.29
811,450,953,defect,24835,0.32
811,450,953,exploitation,30560,0.39
812,450,953,coop,22344,0.29
812,450,953,defect,25134,0.32
812,450,953,exploitation,30522,0.39
813,450,953,coop,23956,0.31
813,450,953,defect,23665,0.3
813,450,953,exploitation,30379,0.39
814,450,953,coop,22481,0.29
814,450,953,defect,24961,0.32
814,450,953,exploitation,30558,0.39
815,450,953,coop,22396,0.29
815,450,953,defect,24911,0.32
815,450,953,exploitation,30693,0.39
816,450,953,coop,22965,0.29
816,450,953,defect,24164,0.31
816,450,953,exploitation,30871,0.4
817,450,953,coop,20774,0.27
817,450,953,defect,26377,0.34
817,450,953,exploitation,30849,0.4
818,450,953,coop,19393,0.25
818,450,953,defect,28325,0.36
818,450,953,exploitation,30282,0.39
819,450,953,coop,20882,0.27
819,450,953,defect,26349,0.34
819,450,953,exploitation,30769,0.39
820,450,953,coop,21321,0.27
820,450,953,defect,25445,0.33
820,450,953,exploitation,31234,0.4
821,450,953,coop,22732,0.29
821,450,953,defect,24527,0.31
821,450,953,exploitation,30741,0.39
822,450,953,coop,22674,0.29
822,450,953,defect,23993,0.31
822,450,953,exploitation,31333,0.4
823,450,953,coop,22088,0.28
823,450,953,defect,25141,0.32
823,450,953,exploitation,30771,0.39
824,450,953,coop,24184,0.31
824,450,953,defect,23127,0.3
824,450,953,exploitation,30689,0.39
825,450,953,coop,23896,0.31
825,450,953,defect,23471,0.3
825,450,953,exploitation,30633,0.39
826,450,953,coop,22224,0.28
826,450,953,defect,24968,0.32
826,450,953,exploitation,30808,0.39
827,450,953,coop,21709,0.28
827,450,953,defect,25834,0.33
827,450,953,exploitation,30457,0.39
828,450,953,coop,20964,0.27
828,450,953,defect,27203,0.35
828,450,953,exploitation,29833,0.38
829,450,953,coop,20882,0.27
829,450,953,defect,27165,0.35
829,450,953,exploitation,29953,0.38
830,450,953,coop,21511,0.28
830,450,953,defect,25895,0.33
830,450,953,exploitation,30594,0.39
831,450,953,coop,23606,0.3
831,450,953,defect,24085,0.31
831,450,953,exploitation,30309,0.39
832,450,953,coop,21948,0.28
832,450,953,defect,26062,0.33
832,450,953,exploitation,29990,0.38
833,450,953,coop,23082,0.3
833,450,953,defect,24695,0.32
833,450,953,exploitation,30223,0.39
834,450,953,coop,23010,0.3
834,450,953,defect,24740,0.32
834,450,953,exploitation,30250,0.39
835,450,953,coop,21126,0.27
835,450,953,defect,26870,0.34
835,450,953,exploitation,30004,0.38
836,450,953,coop,21425,0.27
836,450,953,defect,26854,0.34
836,450,953,exploitation,29721,0.38
837,450,953,coop,20001,0.26
837,450,953,defect,27739,0.36
837,450,953,exploitation,30260,0.39
838,450,953,coop,20804,0.27
838,450,953,defect,26436,0.34
838,450,953,exploitation,30760,0.39
839,450,953,coop,20759,0.27
839,450,953,defect,26433,0.34
839,450,953,exploitation,30808,0.39
840,450,953,coop,22640,0.29
840,450,953,defect,24530,0.31
840,450,953,exploitation,30830,0.4
841,450,953,coop,21089,0.27
841,450,953,defect,25792,0.33
841,450,953,exploitation,31119,0.4
842,450,953,coop,19648,0.25
842,450,953,defect,26888,0.34
842,450,953,exploitation,31464,0.4
843,450,953,coop,20844,0.27
843,450,953,defect,26330,0.34
843,450,953,exploitation,30826,0.4
844,450,953,coop,20436,0.26
844,450,953,defect,26601,0.34
844,450,953,exploitation,30963,0.4
845,450,953,coop,20138,0.26
845,450,953,defect,27344,0.35
845,450,953,exploitation,30518,0.39
846,450,953,coop,22187,0.28
846,450,953,defect,25198,0.32
846,450,953,exploitation,30615,0.39
847,450,953,coop,22012,0.28
847,450,953,defect,25335,0.32
847,450,953,exploitation,30653,0.39
848,450,953,coop,21785,0.28
848,450,953,defect,25475,0.33
848,450,953,exploitation,30740,0.39
849,450,953,coop,23753,0.3
849,450,953,defect,23577,0.3
849,450,953,exploitation,30670,0.39
850,450,953,coop,22063,0.28
850,450,953,defect,25432,0.33
850,450,953,exploitation,30505,0.39
851,450,953,coop,20162,0.26
851,450,953,defect,27117,0.35
851,450,953,exploitation,30721,0.39
852,450,953,coop,18610,0.24
852,450,953,defect,29000,0.37
852,450,953,exploitation,30390,0.39
853,450,953,coop,18531,0.24
853,450,953,defect,28921,0.37
853,450,953,exploitation,30548,0.39
854,450,953,coop,17672,0.23
854,450,953,defect,29725,0.38
854,450,953,exploitation,30603,0.39
855,450,953,coop,18531,0.24
855,450,953,defect,28743,0.37
855,450,953,exploitation,30726,0.39
856,450,953,coop,20223,0.26
856,450,953,defect,26788,0.34
856,450,953,exploitation,30989,0.4
857,450,953,coop,18741,0.24
857,450,953,defect,28841,0.37
857,450,953,exploitation,30418,0.39
858,450,953,coop,18553,0.24
858,450,953,defect,28954,0.37
858,450,953,exploitation,30493,0.39
859,450,953,coop,16689,0.21
859,450,953,defect,31001,0.4
859,450,953,exploitation,30310,0.39
860,450,953,coop,18268,0.23
860,450,953,defect,29531,0.38
860,450,953,exploitation,30201,0.39
861,450,953,coop,18292,0.23
861,450,953,defect,29735,0.38
861,450,953,exploitation,29973,0.38
862,450,953,coop,19046,0.24
862,450,953,defect,28878,0.37
862,450,953,exploitation,30076,0.39
863,450,953,coop,18189,0.23
863,450,953,defect,29752,0.38
863,450,953,exploitation,30059,0.39
864,450,953,coop,19193,0.25
864,450,953,defect,29069,0.37
864,450,953,exploitation,29738,0.38
865,450,953,coop,19278,0.25
865,450,953,defect,28240,0.36
865,450,953,exploitation,30482,0.39
866,450,953,coop,18767,0.24
866,450,953,defect,30030,0.38
866,450,953,exploitation,29203,0.37
867,450,953,coop,17128,0.22
867,450,953,defect,31655,0.41
867,450,953,exploitation,29217,0.37
868,450,953,coop,18284,0.23
868,450,953,defect,30588,0.39
868,450,953,exploitation,29128,0.37
869,450,953,coop,18320,0.23
869,450,953,defect,30607,0.39
869,450,953,exploitation,29073,0.37
870,450,953,coop,19931,0.26
870,450,953,defect,28959,0.37
870,450,953,exploitation,29110,0.37
871,450,953,coop,20537,0.26
871,450,953,defect,27970,0.36
871,450,953,exploitation,29493,0.38
872,450,953,coop,21022,0.27
872,450,953,defect,27589,0.35
872,450,953,exploitation,29389,0.38
873,450,953,coop,22107,0.28
873,450,953,defect,26716,0.34
873,450,953,exploitation,29177,0.37
874,450,953,coop,20695,0.27
874,450,953,defect,27827,0.36
874,450,953,exploitation,29478,0.38
875,450,953,coop,19762,0.25
875,450,953,defect,29366,0.38
875,450,953,exploitation,28872,0.37
876,450,953,coop,20553,0.26
876,450,953,defect,28485,0.37
876,450,953,exploitation,28962,0.37
877,450,953,coop,20717,0.27
877,450,953,defect,27992,0.36
877,450,953,exploitation,29291,0.38
878,450,953,coop,19734,0.25
878,450,953,defect,29614,0.38
878,450,953,exploitation,28652,0.37
879,450,953,coop,17907,0.23
879,450,953,defect,31776,0.41
879,450,953,exploitation,28317,0.36
880,450,953,coop,18709,0.24
880,450,953,defect,30628,0.39
880,450,953,exploitation,28663,0.37
881,450,953,coop,20006,0.26
881,450,953,defect,29324,0.38
881,450,953,exploitation,28670,0.37
882,450,953,coop,17873,0.23
882,450,953,defect,31630,0.41
882,450,953,exploitation,28497,0.37
883,450,953,coop,18766,0.24
883,450,953,defect,30465,0.39
883,450,953,exploitation,28769,0.37
884,450,953,coop,18460,0.24
884,450,953,defect,31055,0.4
884,450,953,exploitation,28485,0.37
885,450,953,coop,19197,0.25
885,450,953,defect,29933,0.38
885,450,953,exploitation,28870,0.37
886,450,953,coop,18466,0.24
886,450,953,defect,31095,0.4
886,450,953,exploitation,28439,0.36
887,450,953,coop,18273,0.23
887,450,953,defect,31076,0.4
887,450,953,exploitation,28651,0.37
888,450,953,coop,17348,0.22
888,450,953,defect,31882,0.41
888,450,953,exploitation,28770,0.37
889,450,953,coop,17654,0.23
889,450,953,defect,31567,0.4
889,450,953,exploitation,28779,0.37
890,450,953,coop,17039,0.22
890,450,953,defect,32325,0.41
890,450,953,exploitation,28636,0.37
891,450,953,coop,17066,0.22
891,450,953,defect,32588,0.42
891,450,953,exploitation,28346,0.36
892,450,953,coop,18582,0.24
892,450,953,defect,31101,0.4
892,450,953,exploitation,28317,0.36
893,450,953,coop,18129,0.23
893,450,953,defect,31437,0.4
893,450,953,exploitation,28434,0.36
894,450,953,coop,19342,0.25
894,450,953,defect,30150,0.39
894,450,953,exploitation,28508,0.37
895,450,953,coop,18087,0.23
895,450,953,defect,31419,0.4
895,450,953,exploitation,28494,0.37
896,450,953,coop,16300,0.21
896,450,953,defect,33947,0.44
896,450,953,exploitation,27753,0.36
897,450,953,coop,15030,0.19
897,450,953,defect,35416,0.45
897,450,953,exploitation,27554,0.35
898,450,953,coop,16071,0.21
898,450,953,defect,34181,0.44
898,450,953,exploitation,27748,0.36
899,450,953,coop,15237,0.2
899,450,953,defect,35265,0.45
899,450,953,exploitation,27498,0.35
900,450,953,coop,16598,0.21
900,450,953,defect,33362,0.43
900,450,953,exploitation,28040,0.36
901,450,953,coop,17437,0.22
901,450,953,defect,32240,0.41
901,450,953,exploitation,28323,0.36
902,450,953,coop,18600,0.24
902,450,953,defect,31453,0.4
902,450,953,exploitation,27947,0.36
903,450,953,coop,16572,0.21
903,450,953,defect,33565,0.43
903,450,953,exploitation,27863,0.36
904,450,953,coop,17436,0.22
904,450,953,defect,32639,0.42
904,450,953,exploitation,27925,0.36
905,450,953,coop,16785,0.22
905,450,953,defect,33386,0.43
905,450,953,exploitation,27829,0.36
906,450,953,coop,17525,0.22
906,450,953,defect,32210,0.41
906,450,953,exploitation,28265,0.36
907,450,953,coop,18334,0.24
907,450,953,defect,31494,0.4
907,450,953,exploitation,28172,0.36
908,450,953,coop,17380,0.22
908,450,953,defect,32394,0.42
908,450,953,exploitation,28226,0.36
909,450,953,coop,18069,0.23
909,450,953,defect,31529,0.4
909,450,953,exploitation,28402,0.36
910,450,953,coop,19388,0.25
910,450,953,defect,30047,0.39
910,450,953,exploitation,28565,0.37
911,450,953,coop,18582,0.24
911,450,953,defect,30846,0.4
911,450,953,exploitation,28572,0.37
912,450,953,coop,18528,0.24
912,450,953,defect,30998,0.4
912,450,953,exploitation,28474,0.37
913,450,953,coop,18157,0.23
913,450,953,defect,30991,0.4
913,450,953,exploitation,28852,0.37
914,450,953,coop,18702,0.24
914,450,953,defect,30490,0.39
914,450,953,exploitation,28808,0.37
915,450,953,coop,18975,0.24
915,450,953,defect,30599,0.39
915,450,953,exploitation,28426,0.36
916,450,953,coop,18646,0.24
916,450,953,defect,30672,0.39
916,450,953,exploitation,28682,0.37
917,450,953,coop,18805,0.24
917,450,953,defect,30401,0.39
917,450,953,exploitation,28794,0.37
918,450,953,coop,20010,0.26
918,450,953,defect,28911,0.37
918,450,953,exploitation,29079,0.37
919,450,953,coop,20152,0.26
919,450,953,defect,29011,0.37
919,450,953,exploitation,28837,0.37
920,450,953,coop,21748,0.28
920,450,953,defect,27424,0.35
920,450,953,exploitation,28828,0.37
921,450,953,coop,22025,0.28
921,450,953,defect,27423,0.35
921,450,953,exploitation,28552,0.37
922,450,953,coop,19868,0.25
922,450,953,defect,29460,0.38
922,450,953,exploitation,28672,0.37
923,450,953,coop,19731,0.25
923,450,953,defect,29591,0.38
923,450,953,exploitation,28678,0.37
924,450,953,coop,20109,0.26
924,450,953,defect,28877,0.37
924,450,953,exploitation,29014,0.37
925,450,953,coop,20866,0.27
925,450,953,defect,28131,0.36
925,450,953,exploitation,29003,0.37
926,450,953,coop,20695,0.27
926,450,953,defect,28292,0.36
926,450,953,exploitation,29013,0.37
927,450,953,coop,20758,0.27
927,450,953,defect,28312,0.36
927,450,953,exploitation,28930,0.37
928,450,953,coop,20374,0.26
928,450,953,defect,28771,0.37
928,450,953,exploitation,28855,0.37
929,450,953,coop,20586,0.26
929,450,953,defect,28114,0.36
929,450,953,exploitation,29300,0.38
930,450,953,coop,21223,0.27
930,450,953,defect,27693,0.36
930,450,953,exploitation,29084,0.37
931,450,953,coop,21648,0.28
931,450,953,defect,26729,0.34
931,450,953,exploitation,29623,0.38
932,450,953,coop,21595,0.28
932,450,953,defect,26871,0.34
932,450,953,exploitation,29534,0.38
933,450,953,coop,21593,0.28
933,450,953,defect,27080,0.35
933,450,953,exploitation,29327,0.38
934,450,953,coop,20361,0.26
934,450,953,defect,28230,0.36
934,450,953,exploitation,29409,0.38
935,450,953,coop,20849,0.27
935,450,953,defect,27525,0.35
935,450,953,exploitation,29626,0.38
936,450,953,coop,22636,0.29
936,450,953,defect,25352,0.33
936,450,953,exploitation,30012,0.38
937,450,953,coop,22674,0.29
937,450,953,defect,25362,0.33
937,450,953,exploitation,29964,0.38
938,450,953,coop,22042,0.28
938,450,953,defect,26222,0.34
938,450,953,exploitation,29736,0.38
939,450,953,coop,22254,0.29
939,450,953,defect,26416,0.34
939,450,953,exploitation,29330,0.38
940,450,953,coop,20934,0.27
940,450,953,defect,27631,0.35
940,450,953,exploitation,29435,0.38
941,450,953,coop,18751,0.24
941,450,953,defect,29600,0.38
941,450,953,exploitation,29649,0.38
942,450,953,coop,18597,0.24
942,450,953,defect,30058,0.39
942,450,953,exploitation,29345,0.38
943,450,953,coop,20233,0.26
943,450,953,defect,28014,0.36
943,450,953,exploitation,29753,0.38
944,450,953,coop,21222,0.27
944,450,953,defect,26566,0.34
944,450,953,exploitation,30212,0.39
945,450,953,coop,21220,0.27
945,450,953,defect,26701,0.34
945,450,953,exploitation,30079,0.39
946,450,953,coop,20991,0.27
946,450,953,defect,27497,0.35
946,450,953,exploitation,29512,0.38
947,450,953,coop,21729,0.28
947,450,953,defect,26058,0.33
947,450,953,exploitation,30213,0.39
948,450,953,coop,21959,0.28
948,450,953,defect,25594,0.33
948,450,953,exploitation,30447,0.39
949,450,953,coop,20460,0.26
949,450,953,defect,27256,0.35
949,450,953,exploitation,30284,0.39
950,450,953,coop,21730,0.28
950,450,953,defect,25785,0.33
950,450,953,exploitation,30485,0.39
951,450,953,coop,21720,0.28
951,450,953,defect,25727,0.33
951,450,953,exploitation,30553,0.39
952,450,953,coop,22772,0.29
952,450,953,defect,24659,0.32
952,450,953,exploitation,30569,0.39
953,450,953,coop,23246,0.3
953,450,953,defect,23642,0.3
953,450,953,exploitation,31112,0.4
954,450,953,coop,25218,0.32
954,450,953,defect,21487,0.28
954,450,953,exploitation,31295,0.4
955,450,953,coop,25384,0.33
955,450,953,defect,21343,0.27
955,450,953,exploitation,31273,0.4
956,450,953,coop,24700,0.32
956,450,953,defect,22633,0.29
956,450,953,exploitation,30667,0.39
957,450,953,coop,23937,0.31
957,450,953,defect,23812,0.31
957,450,953,exploitation,30251,0.39
958,450,953,coop,23590,0.3
958,450,953,defect,24094,0.31
958,450,953,exploitation,30316,0.39
959,450,953,coop,22948,0.29
959,450,953,defect,25033,0.32
959,450,953,exploitation,30019,0.38
960,450,953,coop,21707,0.28
960,450,953,defect,25883,0.33
960,450,953,exploitation,30410,0.39
961,450,953,coop,21909,0.28
961,450,953,defect,25790,0.33
961,450,953,exploitation,30301,0.39
962,450,953,coop,20303,0.26
962,450,953,defect,27183,0.35
962,450,953,exploitation,30514,0.39
963,450,953,coop,19968,0.26
963,450,953,defect,28080,0.36
963,450,953,exploitation,29952,0.38
964,450,953,coop,20636,0.26
964,450,953,defect,26808,0.34
964,450,953,exploitation,30556,0.39
965,450,953,coop,21100,0.27
965,450,953,defect,26058,0.33
965,450,953,exploitation,30842,0.4
966,450,953,coop,23111,0.3
966,450,953,defect,23875,0.31
966,450,953,exploitation,31014,0.4
967,450,953,coop,22800,0.29
967,450,953,defect,23947,0.31
967,450,953,exploitation,31253,0.4
968,450,953,coop,22828,0.29
968,450,953,defect,23943,0.31
968,450,953,exploitation,31229,0.4
969,450,953,coop,25022,0.32
969,450,953,defect,21702,0.28
969,450,953,exploitation,31276,0.4
970,450,953,coop,26167,0.34
970,450,953,defect,21184,0.27
970,450,953,exploitation,30649,0.39
971,450,953,coop,24531,0.31
971,450,953,defect,22275,0.29
971,450,953,exploitation,31194,0.4
972,450,953,coop,23405,0.3
972,450,953,defect,23212,0.3
972,450,953,exploitation,31383,0.4
973,450,953,coop,21366,0.27
973,450,953,defect,25437,0.33
973,450,953,exploitation,31197,0.4
974,450,953,coop,21220,0.27
974,450,953,defect,25262,0.32
974,450,953,exploitation,31518,0.4
975,450,953,coop,23184,0.3
975,450,953,defect,23306,0.3
975,450,953,exploitation,31510,0.4
976,450,953,coop,23205,0.3
976,450,953,defect,23366,0.3
976,450,953,exploitation,31429,0.4
977,450,953,coop,23512,0.3
977,450,953,defect,22997,0.29
977,450,953,exploitation,31491,0.4
978,450,953,coop,23633,0.3
978,450,953,defect,22845,0.29
978,450,953,exploitation,31522,0.4
979,450,953,coop,23010,0.3
979,450,953,defect,23604,0.3
979,450,953,exploitation,31386,0.4
980,450,953,coop,22907,0.29
980,450,953,defect,24270,0.31
980,450,953,exploitation,30823,0.4
981,450,953,coop,22807,0.29
981,450,953,defect,24247,0.31
981,450,953,exploitation,30946,0.4
982,450,953,coop,22368,0.29
982,450,953,defect,25498,0.33
982,450,953,exploitation,30134,0.39
983,450,953,coop,23586,0.3
983,450,953,defect,24055,0.31
983,450,953,exploitation,30359,0.39
984,450,953,coop,25393,0.33
984,450,953,defect,22579,0.29
984,450,953,exploitation,30028,0.38
985,450,953,coop,25280,0.32
985,450,953,defect,22873,0.29
985,450,953,exploitation,29847,0.38
986,450,953,coop,23866,0.31
986,450,953,defect,23892,0.31
986,450,953,exploitation,30242,0.39
987,450,953,coop,24239,0.31
987,450,953,defect,22928,0.29
987,450,953,exploitation,30833,0.4
988,450,953,coop,24241,0.31
988,450,953,defect,23092,0.3
988,450,953,exploitation,30667,0.39
989,450,953,coop,26467,0.34
989,450,953,defect,20907,0.27
989,450,953,exploitation,30626,0.39
990,450,953,coop,26946,0.35
990,450,953,defect,20488,0.26
990,450,953,exploitation,30566,0.39
991,450,953,coop,25122,0.32
991,450,953,defect,21922,0.28
991,450,953,exploitation,30956,0.4
992,450,953,coop,23291,0.3
992,450,953,defect,23878,0.31
992,450,953,exploitation,30831,0.4
993,450,953,coop,23121,0.3
993,450,953,defect,23914,0.31
993,450,953,exploitation,30965,0.4
994,450,953,coop,24502,0.31
994,450,953,defect,22431,0.29
994,450,953,exploitation,31067,0.4
995,450,953,coop,24335,0.31
995,450,953,defect,22928,0.29
995,450,953,exploitation,30737,0.39
996,450,953,coop,26260,0.34
996,450,953,defect,21471,0.28
996,450,953,exploitation,30269,0.39
997,450,953,coop,26481,0.34
997,450,953,defect,21115,0.27
997,450,953,exploitation,30404,0.39
998,450,953,coop,24444,0.31
998,450,953,defect,23027,0.3
998,450,953,exploitation,30529,0.39
999,450,953,coop,24473,0.31
999,450,953,defect,22931,0.29
999,450,953,exploitation,30596,0.39
1000,450,953,coop,24013,0.31
1000,450,953,defect,23934,0.31
1000,450,953,exploitation,30053,0.39
